--
-- PostgreSQL database dump
--

-- Dumped from database version 11.2 (Ubuntu 11.2-1.pgdg18.04+1)
-- Dumped by pg_dump version 11.2 (Ubuntu 11.2-1.pgdg18.04+1)

-- Started on 2019-05-14 11:59:00 -04

SET statement_timeout = 0;
SET lock_timeout = 0;
SET idle_in_transaction_session_timeout = 0;
SET client_encoding = 'UTF8';
SET standard_conforming_strings = on;
SELECT pg_catalog.set_config('search_path', '', false);
SET check_function_bodies = false;
SET client_min_messages = warning;
SET row_security = off;

SET default_tablespace = '';

SET default_with_oids = false;

--
-- TOC entry 209 (class 1259 OID 50169)
-- Name: auth_group; Type: TABLE; Schema: public; Owner: postgres
--

CREATE TABLE public.auth_group (
    id integer NOT NULL,
    name character varying(80) NOT NULL
);


ALTER TABLE public.auth_group OWNER TO postgres;

--
-- TOC entry 208 (class 1259 OID 50167)
-- Name: auth_group_id_seq; Type: SEQUENCE; Schema: public; Owner: postgres
--

CREATE SEQUENCE public.auth_group_id_seq
    AS integer
    START WITH 1
    INCREMENT BY 1
    NO MINVALUE
    NO MAXVALUE
    CACHE 1;


ALTER TABLE public.auth_group_id_seq OWNER TO postgres;

--
-- TOC entry 3375 (class 0 OID 0)
-- Dependencies: 208
-- Name: auth_group_id_seq; Type: SEQUENCE OWNED BY; Schema: public; Owner: postgres
--

ALTER SEQUENCE public.auth_group_id_seq OWNED BY public.auth_group.id;


--
-- TOC entry 211 (class 1259 OID 50179)
-- Name: auth_group_permissions; Type: TABLE; Schema: public; Owner: postgres
--

CREATE TABLE public.auth_group_permissions (
    id integer NOT NULL,
    group_id integer NOT NULL,
    permission_id integer NOT NULL
);


ALTER TABLE public.auth_group_permissions OWNER TO postgres;

--
-- TOC entry 210 (class 1259 OID 50177)
-- Name: auth_group_permissions_id_seq; Type: SEQUENCE; Schema: public; Owner: postgres
--

CREATE SEQUENCE public.auth_group_permissions_id_seq
    AS integer
    START WITH 1
    INCREMENT BY 1
    NO MINVALUE
    NO MAXVALUE
    CACHE 1;


ALTER TABLE public.auth_group_permissions_id_seq OWNER TO postgres;

--
-- TOC entry 3376 (class 0 OID 0)
-- Dependencies: 210
-- Name: auth_group_permissions_id_seq; Type: SEQUENCE OWNED BY; Schema: public; Owner: postgres
--

ALTER SEQUENCE public.auth_group_permissions_id_seq OWNED BY public.auth_group_permissions.id;


--
-- TOC entry 207 (class 1259 OID 50161)
-- Name: auth_permission; Type: TABLE; Schema: public; Owner: postgres
--

CREATE TABLE public.auth_permission (
    id integer NOT NULL,
    name character varying(255) NOT NULL,
    content_type_id integer NOT NULL,
    codename character varying(100) NOT NULL
);


ALTER TABLE public.auth_permission OWNER TO postgres;

--
-- TOC entry 206 (class 1259 OID 50159)
-- Name: auth_permission_id_seq; Type: SEQUENCE; Schema: public; Owner: postgres
--

CREATE SEQUENCE public.auth_permission_id_seq
    AS integer
    START WITH 1
    INCREMENT BY 1
    NO MINVALUE
    NO MAXVALUE
    CACHE 1;


ALTER TABLE public.auth_permission_id_seq OWNER TO postgres;

--
-- TOC entry 3377 (class 0 OID 0)
-- Dependencies: 206
-- Name: auth_permission_id_seq; Type: SEQUENCE OWNED BY; Schema: public; Owner: postgres
--

ALTER SEQUENCE public.auth_permission_id_seq OWNED BY public.auth_permission.id;


--
-- TOC entry 223 (class 1259 OID 50314)
-- Name: clientes_cliente; Type: TABLE; Schema: public; Owner: postgres
--

CREATE TABLE public.clientes_cliente (
    id integer NOT NULL,
    nombre character varying(100) NOT NULL,
    descripcion text,
    direccion character varying(200),
    ruc character varying(50),
    telefono character varying(30) NOT NULL
);


ALTER TABLE public.clientes_cliente OWNER TO postgres;

--
-- TOC entry 222 (class 1259 OID 50312)
-- Name: clientes_cliente_id_seq; Type: SEQUENCE; Schema: public; Owner: postgres
--

CREATE SEQUENCE public.clientes_cliente_id_seq
    AS integer
    START WITH 1
    INCREMENT BY 1
    NO MINVALUE
    NO MAXVALUE
    CACHE 1;


ALTER TABLE public.clientes_cliente_id_seq OWNER TO postgres;

--
-- TOC entry 3378 (class 0 OID 0)
-- Dependencies: 222
-- Name: clientes_cliente_id_seq; Type: SEQUENCE OWNED BY; Schema: public; Owner: postgres
--

ALTER SEQUENCE public.clientes_cliente_id_seq OWNED BY public.clientes_cliente.id;


--
-- TOC entry 221 (class 1259 OID 50290)
-- Name: django_admin_log; Type: TABLE; Schema: public; Owner: postgres
--

CREATE TABLE public.django_admin_log (
    id integer NOT NULL,
    action_time timestamp with time zone NOT NULL,
    object_id text,
    object_repr character varying(200) NOT NULL,
    action_flag smallint NOT NULL,
    change_message text NOT NULL,
    content_type_id integer,
    user_id integer NOT NULL,
    CONSTRAINT django_admin_log_action_flag_check CHECK ((action_flag >= 0))
);


ALTER TABLE public.django_admin_log OWNER TO postgres;

--
-- TOC entry 220 (class 1259 OID 50288)
-- Name: django_admin_log_id_seq; Type: SEQUENCE; Schema: public; Owner: postgres
--

CREATE SEQUENCE public.django_admin_log_id_seq
    AS integer
    START WITH 1
    INCREMENT BY 1
    NO MINVALUE
    NO MAXVALUE
    CACHE 1;


ALTER TABLE public.django_admin_log_id_seq OWNER TO postgres;

--
-- TOC entry 3379 (class 0 OID 0)
-- Dependencies: 220
-- Name: django_admin_log_id_seq; Type: SEQUENCE OWNED BY; Schema: public; Owner: postgres
--

ALTER SEQUENCE public.django_admin_log_id_seq OWNED BY public.django_admin_log.id;


--
-- TOC entry 205 (class 1259 OID 50151)
-- Name: django_content_type; Type: TABLE; Schema: public; Owner: postgres
--

CREATE TABLE public.django_content_type (
    id integer NOT NULL,
    app_label character varying(100) NOT NULL,
    model character varying(100) NOT NULL
);


ALTER TABLE public.django_content_type OWNER TO postgres;

--
-- TOC entry 204 (class 1259 OID 50149)
-- Name: django_content_type_id_seq; Type: SEQUENCE; Schema: public; Owner: postgres
--

CREATE SEQUENCE public.django_content_type_id_seq
    AS integer
    START WITH 1
    INCREMENT BY 1
    NO MINVALUE
    NO MAXVALUE
    CACHE 1;


ALTER TABLE public.django_content_type_id_seq OWNER TO postgres;

--
-- TOC entry 3380 (class 0 OID 0)
-- Dependencies: 204
-- Name: django_content_type_id_seq; Type: SEQUENCE OWNED BY; Schema: public; Owner: postgres
--

ALTER SEQUENCE public.django_content_type_id_seq OWNED BY public.django_content_type.id;


--
-- TOC entry 197 (class 1259 OID 50099)
-- Name: django_migrations; Type: TABLE; Schema: public; Owner: postgres
--

CREATE TABLE public.django_migrations (
    id integer NOT NULL,
    app character varying(255) NOT NULL,
    name character varying(255) NOT NULL,
    applied timestamp with time zone NOT NULL
);


ALTER TABLE public.django_migrations OWNER TO postgres;

--
-- TOC entry 196 (class 1259 OID 50097)
-- Name: django_migrations_id_seq; Type: SEQUENCE; Schema: public; Owner: postgres
--

CREATE SEQUENCE public.django_migrations_id_seq
    AS integer
    START WITH 1
    INCREMENT BY 1
    NO MINVALUE
    NO MAXVALUE
    CACHE 1;


ALTER TABLE public.django_migrations_id_seq OWNER TO postgres;

--
-- TOC entry 3381 (class 0 OID 0)
-- Dependencies: 196
-- Name: django_migrations_id_seq; Type: SEQUENCE OWNED BY; Schema: public; Owner: postgres
--

ALTER SEQUENCE public.django_migrations_id_seq OWNED BY public.django_migrations.id;


--
-- TOC entry 232 (class 1259 OID 50399)
-- Name: django_session; Type: TABLE; Schema: public; Owner: postgres
--

CREATE TABLE public.django_session (
    session_key character varying(40) NOT NULL,
    session_data text NOT NULL,
    expire_date timestamp with time zone NOT NULL
);


ALTER TABLE public.django_session OWNER TO postgres;

--
-- TOC entry 229 (class 1259 OID 50359)
-- Name: flujo_fase; Type: TABLE; Schema: public; Owner: postgres
--

CREATE TABLE public.flujo_fase (
    id integer NOT NULL,
    nombre character varying(20) NOT NULL,
    flujo_id integer NOT NULL
);


ALTER TABLE public.flujo_fase OWNER TO postgres;

--
-- TOC entry 228 (class 1259 OID 50357)
-- Name: flujo_fase_id_seq; Type: SEQUENCE; Schema: public; Owner: postgres
--

CREATE SEQUENCE public.flujo_fase_id_seq
    AS integer
    START WITH 1
    INCREMENT BY 1
    NO MINVALUE
    NO MAXVALUE
    CACHE 1;


ALTER TABLE public.flujo_fase_id_seq OWNER TO postgres;

--
-- TOC entry 3382 (class 0 OID 0)
-- Dependencies: 228
-- Name: flujo_fase_id_seq; Type: SEQUENCE OWNED BY; Schema: public; Owner: postgres
--

ALTER SEQUENCE public.flujo_fase_id_seq OWNED BY public.flujo_fase.id;


--
-- TOC entry 231 (class 1259 OID 50367)
-- Name: flujo_flujo; Type: TABLE; Schema: public; Owner: postgres
--

CREATE TABLE public.flujo_flujo (
    id integer NOT NULL,
    nombre character varying(20) NOT NULL,
    descripcion text,
    proyecto_id integer NOT NULL
);


ALTER TABLE public.flujo_flujo OWNER TO postgres;

--
-- TOC entry 230 (class 1259 OID 50365)
-- Name: flujo_flujo_id_seq; Type: SEQUENCE; Schema: public; Owner: postgres
--

CREATE SEQUENCE public.flujo_flujo_id_seq
    AS integer
    START WITH 1
    INCREMENT BY 1
    NO MINVALUE
    NO MAXVALUE
    CACHE 1;


ALTER TABLE public.flujo_flujo_id_seq OWNER TO postgres;

--
-- TOC entry 3383 (class 0 OID 0)
-- Dependencies: 230
-- Name: flujo_flujo_id_seq; Type: SEQUENCE OWNED BY; Schema: public; Owner: postgres
--

ALTER SEQUENCE public.flujo_flujo_id_seq OWNED BY public.flujo_flujo.id;


--
-- TOC entry 225 (class 1259 OID 50328)
-- Name: proyecto_proyecto; Type: TABLE; Schema: public; Owner: postgres
--

CREATE TABLE public.proyecto_proyecto (
    id integer NOT NULL,
    nombre character varying(20) NOT NULL,
    fecha_inicio date,
    fecha_fin date,
    estado character varying(25) NOT NULL,
    descripcion text,
    fecha_ini_estimada date NOT NULL,
    fecha_fin_estimada date NOT NULL
);


ALTER TABLE public.proyecto_proyecto OWNER TO postgres;

--
-- TOC entry 224 (class 1259 OID 50326)
-- Name: proyecto_proyecto_id_seq; Type: SEQUENCE; Schema: public; Owner: postgres
--

CREATE SEQUENCE public.proyecto_proyecto_id_seq
    AS integer
    START WITH 1
    INCREMENT BY 1
    NO MINVALUE
    NO MAXVALUE
    CACHE 1;


ALTER TABLE public.proyecto_proyecto_id_seq OWNER TO postgres;

--
-- TOC entry 3384 (class 0 OID 0)
-- Dependencies: 224
-- Name: proyecto_proyecto_id_seq; Type: SEQUENCE OWNED BY; Schema: public; Owner: postgres
--

ALTER SEQUENCE public.proyecto_proyecto_id_seq OWNED BY public.proyecto_proyecto.id;


--
-- TOC entry 227 (class 1259 OID 50339)
-- Name: proyecto_teammember; Type: TABLE; Schema: public; Owner: postgres
--

CREATE TABLE public.proyecto_teammember (
    id integer NOT NULL,
    proyecto_id integer NOT NULL,
    rol_id integer NOT NULL,
    usuario_id integer NOT NULL
);


ALTER TABLE public.proyecto_teammember OWNER TO postgres;

--
-- TOC entry 226 (class 1259 OID 50337)
-- Name: proyecto_teammember_id_seq; Type: SEQUENCE; Schema: public; Owner: postgres
--

CREATE SEQUENCE public.proyecto_teammember_id_seq
    AS integer
    START WITH 1
    INCREMENT BY 1
    NO MINVALUE
    NO MAXVALUE
    CACHE 1;


ALTER TABLE public.proyecto_teammember_id_seq OWNER TO postgres;

--
-- TOC entry 3385 (class 0 OID 0)
-- Dependencies: 226
-- Name: proyecto_teammember_id_seq; Type: SEQUENCE OWNED BY; Schema: public; Owner: postgres
--

ALTER SEQUENCE public.proyecto_teammember_id_seq OWNED BY public.proyecto_teammember.id;


--
-- TOC entry 199 (class 1259 OID 50110)
-- Name: rol_permiso; Type: TABLE; Schema: public; Owner: postgres
--

CREATE TABLE public.rol_permiso (
    id integer NOT NULL,
    nombre character varying(70) NOT NULL,
    tipo integer NOT NULL
);


ALTER TABLE public.rol_permiso OWNER TO postgres;

--
-- TOC entry 198 (class 1259 OID 50108)
-- Name: rol_permiso_id_seq; Type: SEQUENCE; Schema: public; Owner: postgres
--

CREATE SEQUENCE public.rol_permiso_id_seq
    AS integer
    START WITH 1
    INCREMENT BY 1
    NO MINVALUE
    NO MAXVALUE
    CACHE 1;


ALTER TABLE public.rol_permiso_id_seq OWNER TO postgres;

--
-- TOC entry 3386 (class 0 OID 0)
-- Dependencies: 198
-- Name: rol_permiso_id_seq; Type: SEQUENCE OWNED BY; Schema: public; Owner: postgres
--

ALTER SEQUENCE public.rol_permiso_id_seq OWNED BY public.rol_permiso.id;


--
-- TOC entry 201 (class 1259 OID 50118)
-- Name: rol_rol; Type: TABLE; Schema: public; Owner: postgres
--

CREATE TABLE public.rol_rol (
    id integer NOT NULL,
    nombre character varying(50) NOT NULL,
    descripcion text
);


ALTER TABLE public.rol_rol OWNER TO postgres;

--
-- TOC entry 200 (class 1259 OID 50116)
-- Name: rol_rol_id_seq; Type: SEQUENCE; Schema: public; Owner: postgres
--

CREATE SEQUENCE public.rol_rol_id_seq
    AS integer
    START WITH 1
    INCREMENT BY 1
    NO MINVALUE
    NO MAXVALUE
    CACHE 1;


ALTER TABLE public.rol_rol_id_seq OWNER TO postgres;

--
-- TOC entry 3387 (class 0 OID 0)
-- Dependencies: 200
-- Name: rol_rol_id_seq; Type: SEQUENCE OWNED BY; Schema: public; Owner: postgres
--

ALTER SEQUENCE public.rol_rol_id_seq OWNED BY public.rol_rol.id;


--
-- TOC entry 203 (class 1259 OID 50128)
-- Name: rol_rol_permisos; Type: TABLE; Schema: public; Owner: postgres
--

CREATE TABLE public.rol_rol_permisos (
    id integer NOT NULL,
    rol_id integer NOT NULL,
    permiso_id integer NOT NULL
);


ALTER TABLE public.rol_rol_permisos OWNER TO postgres;

--
-- TOC entry 202 (class 1259 OID 50126)
-- Name: rol_rol_permisos_id_seq; Type: SEQUENCE; Schema: public; Owner: postgres
--

CREATE SEQUENCE public.rol_rol_permisos_id_seq
    AS integer
    START WITH 1
    INCREMENT BY 1
    NO MINVALUE
    NO MAXVALUE
    CACHE 1;


ALTER TABLE public.rol_rol_permisos_id_seq OWNER TO postgres;

--
-- TOC entry 3388 (class 0 OID 0)
-- Dependencies: 202
-- Name: rol_rol_permisos_id_seq; Type: SEQUENCE OWNED BY; Schema: public; Owner: postgres
--

ALTER SEQUENCE public.rol_rol_permisos_id_seq OWNED BY public.rol_rol_permisos.id;


--
-- TOC entry 234 (class 1259 OID 50411)
-- Name: sprint_sprint; Type: TABLE; Schema: public; Owner: postgres
--

CREATE TABLE public.sprint_sprint (
    id integer NOT NULL,
    nombre character varying(20) NOT NULL,
    fecha_inicio date,
    fecha_fin date,
    duracion interval,
    estado character varying(25) NOT NULL,
    proyecto_id integer,
    fecha_fin_estimada date NOT NULL,
    fecha_ini_estimada date NOT NULL
);


ALTER TABLE public.sprint_sprint OWNER TO postgres;

--
-- TOC entry 233 (class 1259 OID 50409)
-- Name: sprint_sprint_id_seq; Type: SEQUENCE; Schema: public; Owner: postgres
--

CREATE SEQUENCE public.sprint_sprint_id_seq
    AS integer
    START WITH 1
    INCREMENT BY 1
    NO MINVALUE
    NO MAXVALUE
    CACHE 1;


ALTER TABLE public.sprint_sprint_id_seq OWNER TO postgres;

--
-- TOC entry 3389 (class 0 OID 0)
-- Dependencies: 233
-- Name: sprint_sprint_id_seq; Type: SEQUENCE OWNED BY; Schema: public; Owner: postgres
--

ALTER SEQUENCE public.sprint_sprint_id_seq OWNED BY public.sprint_sprint.id;


--
-- TOC entry 236 (class 1259 OID 50425)
-- Name: tipoUserStory_tipouserstory; Type: TABLE; Schema: public; Owner: postgres
--

CREATE TABLE public."tipoUserStory_tipouserstory" (
    id integer NOT NULL,
    nombre character varying(20) NOT NULL,
    descripcion text,
    proyecto_id integer NOT NULL
);


ALTER TABLE public."tipoUserStory_tipouserstory" OWNER TO postgres;

--
-- TOC entry 238 (class 1259 OID 50436)
-- Name: tipoUserStory_tipouserstory_flujos; Type: TABLE; Schema: public; Owner: postgres
--

CREATE TABLE public."tipoUserStory_tipouserstory_flujos" (
    id integer NOT NULL,
    tipouserstory_id integer NOT NULL,
    flujo_id integer NOT NULL
);


ALTER TABLE public."tipoUserStory_tipouserstory_flujos" OWNER TO postgres;

--
-- TOC entry 237 (class 1259 OID 50434)
-- Name: tipoUserStory_tipouserstory_flujos_id_seq; Type: SEQUENCE; Schema: public; Owner: postgres
--

CREATE SEQUENCE public."tipoUserStory_tipouserstory_flujos_id_seq"
    AS integer
    START WITH 1
    INCREMENT BY 1
    NO MINVALUE
    NO MAXVALUE
    CACHE 1;


ALTER TABLE public."tipoUserStory_tipouserstory_flujos_id_seq" OWNER TO postgres;

--
-- TOC entry 3390 (class 0 OID 0)
-- Dependencies: 237
-- Name: tipoUserStory_tipouserstory_flujos_id_seq; Type: SEQUENCE OWNED BY; Schema: public; Owner: postgres
--

ALTER SEQUENCE public."tipoUserStory_tipouserstory_flujos_id_seq" OWNED BY public."tipoUserStory_tipouserstory_flujos".id;


--
-- TOC entry 235 (class 1259 OID 50423)
-- Name: tipoUserStory_tipouserstory_id_seq; Type: SEQUENCE; Schema: public; Owner: postgres
--

CREATE SEQUENCE public."tipoUserStory_tipouserstory_id_seq"
    AS integer
    START WITH 1
    INCREMENT BY 1
    NO MINVALUE
    NO MAXVALUE
    CACHE 1;


ALTER TABLE public."tipoUserStory_tipouserstory_id_seq" OWNER TO postgres;

--
-- TOC entry 3391 (class 0 OID 0)
-- Dependencies: 235
-- Name: tipoUserStory_tipouserstory_id_seq; Type: SEQUENCE OWNED BY; Schema: public; Owner: postgres
--

ALTER SEQUENCE public."tipoUserStory_tipouserstory_id_seq" OWNED BY public."tipoUserStory_tipouserstory".id;


--
-- TOC entry 246 (class 1259 OID 50577)
-- Name: userstory_actividad; Type: TABLE; Schema: public; Owner: postgres
--

CREATE TABLE public.userstory_actividad (
    id integer NOT NULL,
    nombre character varying(20) NOT NULL,
    descripcion text NOT NULL,
    duracion time without time zone NOT NULL,
    fecha timestamp with time zone NOT NULL,
    us_id integer,
    usuario_id integer
);


ALTER TABLE public.userstory_actividad OWNER TO postgres;

--
-- TOC entry 245 (class 1259 OID 50575)
-- Name: userstory_actividad_id_seq; Type: SEQUENCE; Schema: public; Owner: postgres
--

CREATE SEQUENCE public.userstory_actividad_id_seq
    AS integer
    START WITH 1
    INCREMENT BY 1
    NO MINVALUE
    NO MAXVALUE
    CACHE 1;


ALTER TABLE public.userstory_actividad_id_seq OWNER TO postgres;

--
-- TOC entry 3392 (class 0 OID 0)
-- Dependencies: 245
-- Name: userstory_actividad_id_seq; Type: SEQUENCE OWNED BY; Schema: public; Owner: postgres
--

ALTER SEQUENCE public.userstory_actividad_id_seq OWNED BY public.userstory_actividad.id;


--
-- TOC entry 242 (class 1259 OID 50528)
-- Name: userstory_archivo; Type: TABLE; Schema: public; Owner: postgres
--

CREATE TABLE public.userstory_archivo (
    id integer NOT NULL,
    titulo character varying(255) NOT NULL,
    archivo character varying(100) NOT NULL,
    fecha timestamp with time zone NOT NULL,
    us_id integer,
    usuario_id integer
);


ALTER TABLE public.userstory_archivo OWNER TO postgres;

--
-- TOC entry 241 (class 1259 OID 50526)
-- Name: userstory_archivo_id_seq; Type: SEQUENCE; Schema: public; Owner: postgres
--

CREATE SEQUENCE public.userstory_archivo_id_seq
    AS integer
    START WITH 1
    INCREMENT BY 1
    NO MINVALUE
    NO MAXVALUE
    CACHE 1;


ALTER TABLE public.userstory_archivo_id_seq OWNER TO postgres;

--
-- TOC entry 3393 (class 0 OID 0)
-- Dependencies: 241
-- Name: userstory_archivo_id_seq; Type: SEQUENCE OWNED BY; Schema: public; Owner: postgres
--

ALTER SEQUENCE public.userstory_archivo_id_seq OWNED BY public.userstory_archivo.id;


--
-- TOC entry 244 (class 1259 OID 50536)
-- Name: userstory_nota; Type: TABLE; Schema: public; Owner: postgres
--

CREATE TABLE public.userstory_nota (
    id integer NOT NULL,
    nota text NOT NULL,
    fecha timestamp with time zone NOT NULL,
    us_id integer,
    usuario_id integer
);


ALTER TABLE public.userstory_nota OWNER TO postgres;

--
-- TOC entry 243 (class 1259 OID 50534)
-- Name: userstory_nota_id_seq; Type: SEQUENCE; Schema: public; Owner: postgres
--

CREATE SEQUENCE public.userstory_nota_id_seq
    AS integer
    START WITH 1
    INCREMENT BY 1
    NO MINVALUE
    NO MAXVALUE
    CACHE 1;


ALTER TABLE public.userstory_nota_id_seq OWNER TO postgres;

--
-- TOC entry 3394 (class 0 OID 0)
-- Dependencies: 243
-- Name: userstory_nota_id_seq; Type: SEQUENCE OWNED BY; Schema: public; Owner: postgres
--

ALTER SEQUENCE public.userstory_nota_id_seq OWNED BY public.userstory_nota.id;


--
-- TOC entry 240 (class 1259 OID 50464)
-- Name: userstory_userstory; Type: TABLE; Schema: public; Owner: postgres
--

CREATE TABLE public.userstory_userstory (
    id integer NOT NULL,
    nombre character varying(100) NOT NULL,
    descripcion text NOT NULL,
    fecha_inicio date,
    duracion_estimada time without time zone NOT NULL,
    valor_negocio integer NOT NULL,
    prioridad integer NOT NULL,
    valor_tecnico integer NOT NULL,
    estado integer NOT NULL,
    proyecto_id integer NOT NULL,
    sprint_id integer,
    team_member_id integer,
    flujo_id integer NOT NULL,
    tipo_us_id integer NOT NULL,
    estado_fase character varying(30) NOT NULL,
    fase_id integer,
    CONSTRAINT userstory_userstory_estado_check CHECK ((estado >= 0)),
    CONSTRAINT userstory_userstory_prioridad_check CHECK ((prioridad >= 0)),
    CONSTRAINT userstory_userstory_valor_negocio_check CHECK ((valor_negocio >= 0)),
    CONSTRAINT userstory_userstory_valor_tecnico_check CHECK ((valor_tecnico >= 0))
);


ALTER TABLE public.userstory_userstory OWNER TO postgres;

--
-- TOC entry 239 (class 1259 OID 50462)
-- Name: userstory_userstory_id_seq; Type: SEQUENCE; Schema: public; Owner: postgres
--

CREATE SEQUENCE public.userstory_userstory_id_seq
    AS integer
    START WITH 1
    INCREMENT BY 1
    NO MINVALUE
    NO MAXVALUE
    CACHE 1;


ALTER TABLE public.userstory_userstory_id_seq OWNER TO postgres;

--
-- TOC entry 3395 (class 0 OID 0)
-- Dependencies: 239
-- Name: userstory_userstory_id_seq; Type: SEQUENCE OWNED BY; Schema: public; Owner: postgres
--

ALTER SEQUENCE public.userstory_userstory_id_seq OWNED BY public.userstory_userstory.id;


--
-- TOC entry 248 (class 1259 OID 60427)
-- Name: userstory_userstory_sprints_asignados; Type: TABLE; Schema: public; Owner: postgres
--

CREATE TABLE public.userstory_userstory_sprints_asignados (
    id integer NOT NULL,
    userstory_id integer NOT NULL,
    sprint_id integer NOT NULL
);


ALTER TABLE public.userstory_userstory_sprints_asignados OWNER TO postgres;

--
-- TOC entry 247 (class 1259 OID 60425)
-- Name: userstory_userstory_sprints_asignados_id_seq; Type: SEQUENCE; Schema: public; Owner: postgres
--

CREATE SEQUENCE public.userstory_userstory_sprints_asignados_id_seq
    AS integer
    START WITH 1
    INCREMENT BY 1
    NO MINVALUE
    NO MAXVALUE
    CACHE 1;


ALTER TABLE public.userstory_userstory_sprints_asignados_id_seq OWNER TO postgres;

--
-- TOC entry 3396 (class 0 OID 0)
-- Dependencies: 247
-- Name: userstory_userstory_sprints_asignados_id_seq; Type: SEQUENCE OWNED BY; Schema: public; Owner: postgres
--

ALTER SEQUENCE public.userstory_userstory_sprints_asignados_id_seq OWNED BY public.userstory_userstory_sprints_asignados.id;


--
-- TOC entry 213 (class 1259 OID 50210)
-- Name: usuarios_usuario; Type: TABLE; Schema: public; Owner: postgres
--

CREATE TABLE public.usuarios_usuario (
    id integer NOT NULL,
    password character varying(128) NOT NULL,
    last_login timestamp with time zone,
    is_superuser boolean NOT NULL,
    username character varying(150) NOT NULL,
    first_name character varying(30) NOT NULL,
    last_name character varying(150) NOT NULL,
    is_staff boolean NOT NULL,
    is_active boolean NOT NULL,
    date_joined timestamp with time zone NOT NULL,
    estado character varying(8) NOT NULL,
    ci character varying(10),
    telefono character varying(50),
    direccion character varying(200),
    descripcion text,
    email character varying(254) NOT NULL
);


ALTER TABLE public.usuarios_usuario OWNER TO postgres;

--
-- TOC entry 215 (class 1259 OID 50223)
-- Name: usuarios_usuario_groups; Type: TABLE; Schema: public; Owner: postgres
--

CREATE TABLE public.usuarios_usuario_groups (
    id integer NOT NULL,
    usuario_id integer NOT NULL,
    group_id integer NOT NULL
);


ALTER TABLE public.usuarios_usuario_groups OWNER TO postgres;

--
-- TOC entry 214 (class 1259 OID 50221)
-- Name: usuarios_usuario_groups_id_seq; Type: SEQUENCE; Schema: public; Owner: postgres
--

CREATE SEQUENCE public.usuarios_usuario_groups_id_seq
    AS integer
    START WITH 1
    INCREMENT BY 1
    NO MINVALUE
    NO MAXVALUE
    CACHE 1;


ALTER TABLE public.usuarios_usuario_groups_id_seq OWNER TO postgres;

--
-- TOC entry 3397 (class 0 OID 0)
-- Dependencies: 214
-- Name: usuarios_usuario_groups_id_seq; Type: SEQUENCE OWNED BY; Schema: public; Owner: postgres
--

ALTER SEQUENCE public.usuarios_usuario_groups_id_seq OWNED BY public.usuarios_usuario_groups.id;


--
-- TOC entry 212 (class 1259 OID 50208)
-- Name: usuarios_usuario_id_seq; Type: SEQUENCE; Schema: public; Owner: postgres
--

CREATE SEQUENCE public.usuarios_usuario_id_seq
    AS integer
    START WITH 1
    INCREMENT BY 1
    NO MINVALUE
    NO MAXVALUE
    CACHE 1;


ALTER TABLE public.usuarios_usuario_id_seq OWNER TO postgres;

--
-- TOC entry 3398 (class 0 OID 0)
-- Dependencies: 212
-- Name: usuarios_usuario_id_seq; Type: SEQUENCE OWNED BY; Schema: public; Owner: postgres
--

ALTER SEQUENCE public.usuarios_usuario_id_seq OWNED BY public.usuarios_usuario.id;


--
-- TOC entry 217 (class 1259 OID 50231)
-- Name: usuarios_usuario_permisos; Type: TABLE; Schema: public; Owner: postgres
--

CREATE TABLE public.usuarios_usuario_permisos (
    id integer NOT NULL,
    usuario_id integer NOT NULL,
    permiso_id integer NOT NULL
);


ALTER TABLE public.usuarios_usuario_permisos OWNER TO postgres;

--
-- TOC entry 216 (class 1259 OID 50229)
-- Name: usuarios_usuario_permisos_id_seq; Type: SEQUENCE; Schema: public; Owner: postgres
--

CREATE SEQUENCE public.usuarios_usuario_permisos_id_seq
    AS integer
    START WITH 1
    INCREMENT BY 1
    NO MINVALUE
    NO MAXVALUE
    CACHE 1;


ALTER TABLE public.usuarios_usuario_permisos_id_seq OWNER TO postgres;

--
-- TOC entry 3399 (class 0 OID 0)
-- Dependencies: 216
-- Name: usuarios_usuario_permisos_id_seq; Type: SEQUENCE OWNED BY; Schema: public; Owner: postgres
--

ALTER SEQUENCE public.usuarios_usuario_permisos_id_seq OWNED BY public.usuarios_usuario_permisos.id;


--
-- TOC entry 219 (class 1259 OID 50239)
-- Name: usuarios_usuario_user_permissions; Type: TABLE; Schema: public; Owner: postgres
--

CREATE TABLE public.usuarios_usuario_user_permissions (
    id integer NOT NULL,
    usuario_id integer NOT NULL,
    permission_id integer NOT NULL
);


ALTER TABLE public.usuarios_usuario_user_permissions OWNER TO postgres;

--
-- TOC entry 218 (class 1259 OID 50237)
-- Name: usuarios_usuario_user_permissions_id_seq; Type: SEQUENCE; Schema: public; Owner: postgres
--

CREATE SEQUENCE public.usuarios_usuario_user_permissions_id_seq
    AS integer
    START WITH 1
    INCREMENT BY 1
    NO MINVALUE
    NO MAXVALUE
    CACHE 1;


ALTER TABLE public.usuarios_usuario_user_permissions_id_seq OWNER TO postgres;

--
-- TOC entry 3400 (class 0 OID 0)
-- Dependencies: 218
-- Name: usuarios_usuario_user_permissions_id_seq; Type: SEQUENCE OWNED BY; Schema: public; Owner: postgres
--

ALTER SEQUENCE public.usuarios_usuario_user_permissions_id_seq OWNED BY public.usuarios_usuario_user_permissions.id;


--
-- TOC entry 3013 (class 2604 OID 50172)
-- Name: auth_group id; Type: DEFAULT; Schema: public; Owner: postgres
--

ALTER TABLE ONLY public.auth_group ALTER COLUMN id SET DEFAULT nextval('public.auth_group_id_seq'::regclass);


--
-- TOC entry 3014 (class 2604 OID 50182)
-- Name: auth_group_permissions id; Type: DEFAULT; Schema: public; Owner: postgres
--

ALTER TABLE ONLY public.auth_group_permissions ALTER COLUMN id SET DEFAULT nextval('public.auth_group_permissions_id_seq'::regclass);


--
-- TOC entry 3012 (class 2604 OID 50164)
-- Name: auth_permission id; Type: DEFAULT; Schema: public; Owner: postgres
--

ALTER TABLE ONLY public.auth_permission ALTER COLUMN id SET DEFAULT nextval('public.auth_permission_id_seq'::regclass);


--
-- TOC entry 3021 (class 2604 OID 50317)
-- Name: clientes_cliente id; Type: DEFAULT; Schema: public; Owner: postgres
--

ALTER TABLE ONLY public.clientes_cliente ALTER COLUMN id SET DEFAULT nextval('public.clientes_cliente_id_seq'::regclass);


--
-- TOC entry 3019 (class 2604 OID 50293)
-- Name: django_admin_log id; Type: DEFAULT; Schema: public; Owner: postgres
--

ALTER TABLE ONLY public.django_admin_log ALTER COLUMN id SET DEFAULT nextval('public.django_admin_log_id_seq'::regclass);


--
-- TOC entry 3011 (class 2604 OID 50154)
-- Name: django_content_type id; Type: DEFAULT; Schema: public; Owner: postgres
--

ALTER TABLE ONLY public.django_content_type ALTER COLUMN id SET DEFAULT nextval('public.django_content_type_id_seq'::regclass);


--
-- TOC entry 3007 (class 2604 OID 50102)
-- Name: django_migrations id; Type: DEFAULT; Schema: public; Owner: postgres
--

ALTER TABLE ONLY public.django_migrations ALTER COLUMN id SET DEFAULT nextval('public.django_migrations_id_seq'::regclass);


--
-- TOC entry 3024 (class 2604 OID 50362)
-- Name: flujo_fase id; Type: DEFAULT; Schema: public; Owner: postgres
--

ALTER TABLE ONLY public.flujo_fase ALTER COLUMN id SET DEFAULT nextval('public.flujo_fase_id_seq'::regclass);


--
-- TOC entry 3025 (class 2604 OID 50370)
-- Name: flujo_flujo id; Type: DEFAULT; Schema: public; Owner: postgres
--

ALTER TABLE ONLY public.flujo_flujo ALTER COLUMN id SET DEFAULT nextval('public.flujo_flujo_id_seq'::regclass);


--
-- TOC entry 3022 (class 2604 OID 50331)
-- Name: proyecto_proyecto id; Type: DEFAULT; Schema: public; Owner: postgres
--

ALTER TABLE ONLY public.proyecto_proyecto ALTER COLUMN id SET DEFAULT nextval('public.proyecto_proyecto_id_seq'::regclass);


--
-- TOC entry 3023 (class 2604 OID 50342)
-- Name: proyecto_teammember id; Type: DEFAULT; Schema: public; Owner: postgres
--

ALTER TABLE ONLY public.proyecto_teammember ALTER COLUMN id SET DEFAULT nextval('public.proyecto_teammember_id_seq'::regclass);


--
-- TOC entry 3008 (class 2604 OID 50113)
-- Name: rol_permiso id; Type: DEFAULT; Schema: public; Owner: postgres
--

ALTER TABLE ONLY public.rol_permiso ALTER COLUMN id SET DEFAULT nextval('public.rol_permiso_id_seq'::regclass);


--
-- TOC entry 3009 (class 2604 OID 50121)
-- Name: rol_rol id; Type: DEFAULT; Schema: public; Owner: postgres
--

ALTER TABLE ONLY public.rol_rol ALTER COLUMN id SET DEFAULT nextval('public.rol_rol_id_seq'::regclass);


--
-- TOC entry 3010 (class 2604 OID 50131)
-- Name: rol_rol_permisos id; Type: DEFAULT; Schema: public; Owner: postgres
--

ALTER TABLE ONLY public.rol_rol_permisos ALTER COLUMN id SET DEFAULT nextval('public.rol_rol_permisos_id_seq'::regclass);


--
-- TOC entry 3026 (class 2604 OID 50414)
-- Name: sprint_sprint id; Type: DEFAULT; Schema: public; Owner: postgres
--

ALTER TABLE ONLY public.sprint_sprint ALTER COLUMN id SET DEFAULT nextval('public.sprint_sprint_id_seq'::regclass);


--
-- TOC entry 3027 (class 2604 OID 50428)
-- Name: tipoUserStory_tipouserstory id; Type: DEFAULT; Schema: public; Owner: postgres
--

ALTER TABLE ONLY public."tipoUserStory_tipouserstory" ALTER COLUMN id SET DEFAULT nextval('public."tipoUserStory_tipouserstory_id_seq"'::regclass);


--
-- TOC entry 3028 (class 2604 OID 50439)
-- Name: tipoUserStory_tipouserstory_flujos id; Type: DEFAULT; Schema: public; Owner: postgres
--

ALTER TABLE ONLY public."tipoUserStory_tipouserstory_flujos" ALTER COLUMN id SET DEFAULT nextval('public."tipoUserStory_tipouserstory_flujos_id_seq"'::regclass);


--
-- TOC entry 3036 (class 2604 OID 50580)
-- Name: userstory_actividad id; Type: DEFAULT; Schema: public; Owner: postgres
--

ALTER TABLE ONLY public.userstory_actividad ALTER COLUMN id SET DEFAULT nextval('public.userstory_actividad_id_seq'::regclass);


--
-- TOC entry 3034 (class 2604 OID 50531)
-- Name: userstory_archivo id; Type: DEFAULT; Schema: public; Owner: postgres
--

ALTER TABLE ONLY public.userstory_archivo ALTER COLUMN id SET DEFAULT nextval('public.userstory_archivo_id_seq'::regclass);


--
-- TOC entry 3035 (class 2604 OID 50539)
-- Name: userstory_nota id; Type: DEFAULT; Schema: public; Owner: postgres
--

ALTER TABLE ONLY public.userstory_nota ALTER COLUMN id SET DEFAULT nextval('public.userstory_nota_id_seq'::regclass);


--
-- TOC entry 3029 (class 2604 OID 50467)
-- Name: userstory_userstory id; Type: DEFAULT; Schema: public; Owner: postgres
--

ALTER TABLE ONLY public.userstory_userstory ALTER COLUMN id SET DEFAULT nextval('public.userstory_userstory_id_seq'::regclass);


--
-- TOC entry 3037 (class 2604 OID 60430)
-- Name: userstory_userstory_sprints_asignados id; Type: DEFAULT; Schema: public; Owner: postgres
--

ALTER TABLE ONLY public.userstory_userstory_sprints_asignados ALTER COLUMN id SET DEFAULT nextval('public.userstory_userstory_sprints_asignados_id_seq'::regclass);


--
-- TOC entry 3015 (class 2604 OID 50213)
-- Name: usuarios_usuario id; Type: DEFAULT; Schema: public; Owner: postgres
--

ALTER TABLE ONLY public.usuarios_usuario ALTER COLUMN id SET DEFAULT nextval('public.usuarios_usuario_id_seq'::regclass);


--
-- TOC entry 3016 (class 2604 OID 50226)
-- Name: usuarios_usuario_groups id; Type: DEFAULT; Schema: public; Owner: postgres
--

ALTER TABLE ONLY public.usuarios_usuario_groups ALTER COLUMN id SET DEFAULT nextval('public.usuarios_usuario_groups_id_seq'::regclass);


--
-- TOC entry 3017 (class 2604 OID 50234)
-- Name: usuarios_usuario_permisos id; Type: DEFAULT; Schema: public; Owner: postgres
--

ALTER TABLE ONLY public.usuarios_usuario_permisos ALTER COLUMN id SET DEFAULT nextval('public.usuarios_usuario_permisos_id_seq'::regclass);


--
-- TOC entry 3018 (class 2604 OID 50242)
-- Name: usuarios_usuario_user_permissions id; Type: DEFAULT; Schema: public; Owner: postgres
--

ALTER TABLE ONLY public.usuarios_usuario_user_permissions ALTER COLUMN id SET DEFAULT nextval('public.usuarios_usuario_user_permissions_id_seq'::regclass);


--
-- TOC entry 3330 (class 0 OID 50169)
-- Dependencies: 209
-- Data for Name: auth_group; Type: TABLE DATA; Schema: public; Owner: postgres
--

COPY public.auth_group (id, name) FROM stdin;
\.


--
-- TOC entry 3332 (class 0 OID 50179)
-- Dependencies: 211
-- Data for Name: auth_group_permissions; Type: TABLE DATA; Schema: public; Owner: postgres
--

COPY public.auth_group_permissions (id, group_id, permission_id) FROM stdin;
\.


--
-- TOC entry 3328 (class 0 OID 50161)
-- Dependencies: 207
-- Data for Name: auth_permission; Type: TABLE DATA; Schema: public; Owner: postgres
--

COPY public.auth_permission (id, name, content_type_id, codename) FROM stdin;
1	Can add proyecto	1	add_proyecto
2	Can change proyecto	1	change_proyecto
3	Can delete proyecto	1	delete_proyecto
4	Can add team member	2	add_teammember
5	Can change team member	2	change_teammember
6	Can delete team member	2	delete_teammember
7	Can add user	3	add_usuario
8	Can change user	3	change_usuario
9	Can delete user	3	delete_usuario
10	Can add permiso	4	add_permiso
11	Can change permiso	4	change_permiso
12	Can delete permiso	4	delete_permiso
13	Can add rol	5	add_rol
14	Can change rol	5	change_rol
15	Can delete rol	5	delete_rol
16	Can add fase	6	add_fase
17	Can change fase	6	change_fase
18	Can delete fase	6	delete_fase
19	Can add flujo	7	add_flujo
20	Can change flujo	7	change_flujo
21	Can delete flujo	7	delete_flujo
22	Can add cliente	8	add_cliente
23	Can change cliente	8	change_cliente
24	Can delete cliente	8	delete_cliente
25	Can add tipo user story	9	add_tipouserstory
26	Can change tipo user story	9	change_tipouserstory
27	Can delete tipo user story	9	delete_tipouserstory
28	Can add user story	10	add_userstory
29	Can change user story	10	change_userstory
30	Can delete user story	10	delete_userstory
31	Can add archivo	11	add_archivo
32	Can change archivo	11	change_archivo
33	Can delete archivo	11	delete_archivo
34	Can add nota	12	add_nota
35	Can change nota	12	change_nota
36	Can delete nota	12	delete_nota
37	Can add actividad	13	add_actividad
38	Can change actividad	13	change_actividad
39	Can delete actividad	13	delete_actividad
40	Can add sprint	14	add_sprint
41	Can change sprint	14	change_sprint
42	Can delete sprint	14	delete_sprint
43	Can add log entry	15	add_logentry
44	Can change log entry	15	change_logentry
45	Can delete log entry	15	delete_logentry
46	Can add permission	16	add_permission
47	Can change permission	16	change_permission
48	Can delete permission	16	delete_permission
49	Can add group	17	add_group
50	Can change group	17	change_group
51	Can delete group	17	delete_group
52	Can add content type	18	add_contenttype
53	Can change content type	18	change_contenttype
54	Can delete content type	18	delete_contenttype
55	Can add session	19	add_session
56	Can change session	19	change_session
57	Can delete session	19	delete_session
\.


--
-- TOC entry 3344 (class 0 OID 50314)
-- Dependencies: 223
-- Data for Name: clientes_cliente; Type: TABLE DATA; Schema: public; Owner: postgres
--

COPY public.clientes_cliente (id, nombre, descripcion, direccion, ruc, telefono) FROM stdin;
1	Cliente 1	desc	Direccion	232313	01231323
\.


--
-- TOC entry 3342 (class 0 OID 50290)
-- Dependencies: 221
-- Data for Name: django_admin_log; Type: TABLE DATA; Schema: public; Owner: postgres
--

COPY public.django_admin_log (id, action_time, object_id, object_repr, action_flag, change_message, content_type_id, user_id) FROM stdin;
1	2019-05-11 03:17:24.700037-04	1	Ver Usuarios	1	[{"added": {}}]	4	1
2	2019-05-11 03:17:42.275877-04	2	Modificar Usuarios	1	[{"added": {}}]	4	1
3	2019-05-11 03:17:51.970432-04	3	Crear Usuarios	1	[{"added": {}}]	4	1
4	2019-05-11 03:18:00.093325-04	4	Ver Roles	1	[{"added": {}}]	4	1
5	2019-05-11 03:18:11.249926-04	5	Modificar Roles	1	[{"added": {}}]	4	1
6	2019-05-11 03:18:49.890503-04	6	Crear Roles	1	[{"added": {}}]	4	1
7	2019-05-11 03:19:10.585292-04	7	Crear Proyectos	1	[{"added": {}}]	4	1
8	2019-05-11 03:19:18.077936-04	8	Ver Proyectos	1	[{"added": {}}]	4	1
9	2019-05-11 03:19:26.891892-04	9	Modificar Proyectos	1	[{"added": {}}]	4	1
10	2019-05-11 03:19:47.394199-04	10	Ver Opciones de Proyecto	1	[{"added": {}}]	4	1
11	2019-05-11 03:20:37.142789-04	11	Ver Flujos	1	[{"added": {}}]	4	1
12	2019-05-11 03:20:48.811496-04	12	Crear Flujos	1	[{"added": {}}]	4	1
13	2019-05-11 03:21:08.495648-04	13	Modificar Flujos	1	[{"added": {}}]	4	1
14	2019-05-11 03:21:32.781691-04	14	Ver Tipos de User Story	1	[{"added": {}}]	4	1
15	2019-05-11 03:22:01.267455-04	15	Modificar Tipos de User Story	1	[{"added": {}}]	4	1
16	2019-05-11 03:22:10.070841-04	16	Crear Tipos de User Story	1	[{"added": {}}]	4	1
17	2019-05-11 03:22:26.550578-04	17	Asignar Roles	1	[{"added": {}}]	4	1
18	2019-05-11 03:22:39.731247-04	18	Ver Ejecucion de Proyectos	1	[{"added": {}}]	4	1
19	2019-05-11 03:22:47.248003-04	19	Ver Sprint	1	[{"added": {}}]	4	1
20	2019-05-11 03:23:46.408722-04	20	Crear Sprint	1	[{"added": {}}]	4	1
21	2019-05-11 03:23:52.973636-04	21	Modificar Sprint	1	[{"added": {}}]	4	1
22	2019-05-11 03:24:13.83008-04	22	Ver User Stories	1	[{"added": {}}]	4	1
23	2019-05-11 03:24:21.751-04	23	Crear User Stories	1	[{"added": {}}]	4	1
24	2019-05-11 03:24:39.321634-04	24	Modificar User Stories	1	[{"added": {}}]	4	1
25	2019-05-11 03:25:01.30401-04	25	Ver Product Backlog	1	[{"added": {}}]	4	1
26	2019-05-11 03:25:33.140026-04	26	Asignar User Stories	1	[{"added": {}}]	4	1
27	2019-05-11 03:25:40.721994-04	27	Iniciar Proyecto	1	[{"added": {}}]	4	1
28	2019-05-11 03:25:49.161889-04	28	Terminar Proyecto	1	[{"added": {}}]	4	1
29	2019-05-11 03:26:05.393444-04	29	Cancelar Proyecto	1	[{"added": {}}]	4	1
30	2019-05-11 03:26:18.579228-04	30	Suspender Proyecto	1	[{"added": {}}]	4	1
31	2019-05-11 03:26:40.075402-04	31	Iniciar Sprint	1	[{"added": {}}]	4	1
32	2019-05-11 03:26:50.307732-04	32	Ver Tablero	1	[{"added": {}}]	4	1
33	2019-05-11 03:27:00.481959-04	33	Mover de Estado	1	[{"added": {}}]	4	1
34	2019-05-11 03:27:20.234263-04	34	Ver Control de Calidad	1	[{"added": {}}]	4	1
35	2019-05-11 03:53:37.420883-04	35	Ver Product Backlog	1	[{"added": {}}]	4	1
36	2019-05-11 08:50:45.352759-04	36	Ver Usuarios	1	[{"added": {}}]	4	1
37	2019-05-11 08:50:55.487309-04	37	Modificar Usuario	1	[{"added": {}}]	4	1
38	2019-05-11 08:51:11.743903-04	38	Crear Usuarios	1	[{"added": {}}]	4	1
39	2019-05-11 08:51:20.30379-04	39	Ver Roles	1	[{"added": {}}]	4	1
40	2019-05-11 08:51:28.633528-04	40	Modificar Roles	1	[{"added": {}}]	4	1
41	2019-05-11 08:51:36.668843-04	41	Crear Roles	1	[{"added": {}}]	4	1
42	2019-05-11 08:51:45.20059-04	42	Crear Proyectos	1	[{"added": {}}]	4	1
43	2019-05-11 08:51:51.281891-04	43	Ver Proyectos	1	[{"added": {}}]	4	1
44	2019-05-11 08:51:58.828595-04	44	Modificar Proyectos	1	[{"added": {}}]	4	1
45	2019-05-11 08:52:11.404259-04	45	Ver Clientes	1	[{"added": {}}]	4	1
46	2019-05-11 08:52:23.664761-04	46	Crear Clientes	1	[{"added": {}}]	4	1
47	2019-05-11 08:52:32.944355-04	47	Modificar Clientes	1	[{"added": {}}]	4	1
48	2019-05-11 08:52:42.673626-04	48	Ver Opciones de Proyecto	1	[{"added": {}}]	4	1
49	2019-05-11 08:52:51.386788-04	49	Ver Flujos	1	[{"added": {}}]	4	1
50	2019-05-11 08:53:00.029157-04	50	Crear Flujos	1	[{"added": {}}]	4	1
51	2019-05-11 08:53:11.238049-04	51	Modificar Flujos	1	[{"added": {}}]	4	1
52	2019-05-11 08:53:21.236142-04	52	Ver Tipos de User Story	1	[{"added": {}}]	4	1
53	2019-05-11 08:53:31.398877-04	53	Modificar Tipos de User Story	1	[{"added": {}}]	4	1
54	2019-05-11 08:53:38.578729-04	54	Crear Tipos de User Story	1	[{"added": {}}]	4	1
55	2019-05-11 08:53:45.200771-04	55	Asignar Roles	1	[{"added": {}}]	4	1
56	2019-05-11 08:53:52.257153-04	56	Ver Ejecucion de Proyectos	1	[{"added": {}}]	4	1
57	2019-05-11 08:53:58.064189-04	57	Ver Sprint	1	[{"added": {}}]	4	1
58	2019-05-11 08:54:07.522565-04	58	Crear Sprint	1	[{"added": {}}]	4	1
59	2019-05-11 08:54:17.833973-04	59	Modificar Sprint	1	[{"added": {}}]	4	1
60	2019-05-11 08:54:33.55777-04	60	Ver User Stories	1	[{"added": {}}]	4	1
61	2019-05-11 08:54:40.240038-04	61	Crear User Story	1	[{"added": {}}]	4	1
62	2019-05-11 08:54:46.566599-04	62	Modificar User Story	1	[{"added": {}}]	4	1
63	2019-05-11 08:54:54.239298-04	63	Ver Product Backlog	1	[{"added": {}}]	4	1
64	2019-05-11 08:55:01.601752-04	64	Asignar User Stories	1	[{"added": {}}]	4	1
65	2019-05-11 08:55:07.180416-04	65	Iniciar Proyecto	1	[{"added": {}}]	4	1
66	2019-05-11 08:55:16.642148-04	66	Terminar Proyecto	1	[{"added": {}}]	4	1
67	2019-05-11 08:55:22.68409-04	67	Cancelar Proyecto	1	[{"added": {}}]	4	1
68	2019-05-11 08:55:28.11125-04	68	Suspender Proyecto	1	[{"added": {}}]	4	1
69	2019-05-11 08:55:33.828015-04	69	Iniciar Sprint	1	[{"added": {}}]	4	1
70	2019-05-11 08:55:39.530447-04	70	Ver Tablero	1	[{"added": {}}]	4	1
71	2019-05-11 08:55:44.190972-04	71	Mover de Estado	1	[{"added": {}}]	4	1
72	2019-05-11 08:55:44.372337-04	72	Mover de Estado	1	[{"added": {}}]	4	1
73	2019-05-11 08:55:50.017978-04	73	Ver Control de Calidad	1	[{"added": {}}]	4	1
\.


--
-- TOC entry 3326 (class 0 OID 50151)
-- Dependencies: 205
-- Data for Name: django_content_type; Type: TABLE DATA; Schema: public; Owner: postgres
--

COPY public.django_content_type (id, app_label, model) FROM stdin;
1	proyecto	proyecto
2	proyecto	teammember
3	usuarios	usuario
4	rol	permiso
5	rol	rol
6	flujo	fase
7	flujo	flujo
8	clientes	cliente
9	tipoUserStory	tipouserstory
10	userstory	userstory
11	userstory	archivo
12	userstory	nota
13	userstory	actividad
14	sprint	sprint
15	admin	logentry
16	auth	permission
17	auth	group
18	contenttypes	contenttype
19	sessions	session
\.


--
-- TOC entry 3318 (class 0 OID 50099)
-- Dependencies: 197
-- Data for Name: django_migrations; Type: TABLE DATA; Schema: public; Owner: postgres
--

COPY public.django_migrations (id, app, name, applied) FROM stdin;
1	rol	0001_initial	2019-05-10 18:55:54.421072-04
2	contenttypes	0001_initial	2019-05-10 18:55:54.57042-04
3	contenttypes	0002_remove_content_type_name	2019-05-10 18:55:54.61953-04
4	auth	0001_initial	2019-05-10 18:55:55.089078-04
5	auth	0002_alter_permission_name_max_length	2019-05-10 18:55:55.129353-04
6	auth	0003_alter_user_email_max_length	2019-05-10 18:55:55.152471-04
7	auth	0004_alter_user_username_opts	2019-05-10 18:55:55.175086-04
8	auth	0005_alter_user_last_login_null	2019-05-10 18:55:55.201231-04
9	auth	0006_require_contenttypes_0002	2019-05-10 18:55:55.21228-04
10	auth	0007_alter_validators_add_error_messages	2019-05-10 18:55:55.236028-04
11	auth	0008_alter_user_username_max_length	2019-05-10 18:55:55.257832-04
12	auth	0009_alter_user_last_name_max_length	2019-05-10 18:55:55.287583-04
13	usuarios	0001_initial	2019-05-10 18:55:55.982616-04
14	admin	0001_initial	2019-05-10 18:55:56.217011-04
15	admin	0002_logentry_remove_auto_add	2019-05-10 18:55:56.258422-04
16	clientes	0001_initial	2019-05-10 18:55:56.383958-04
17	clientes	0002_auto_20190429_2123	2019-05-10 18:55:56.51728-04
18	proyecto	0001_initial	2019-05-10 18:55:56.851731-04
19	flujo	0001_initial	2019-05-10 18:55:57.010576-04
20	flujo	0002_auto_20190429_2045	2019-05-10 18:55:57.193747-04
21	flujo	0003_auto_20190504_1315	2019-05-10 18:55:57.233852-04
22	proyecto	0002_teammember_usuario	2019-05-10 18:55:57.343754-04
23	proyecto	0003_auto_20190429_2212	2019-05-10 18:55:57.393412-04
24	proyecto	0004_teammember_horas_desarrollador	2019-05-10 18:55:57.442533-04
25	proyecto	0005_remove_teammember_horas_desarrollador	2019-05-10 18:55:57.519099-04
26	rol	0002_auto_20190429_2123	2019-05-10 18:55:57.619013-04
27	sessions	0001_initial	2019-05-10 18:55:57.811003-04
28	sprint	0001_initial	2019-05-10 18:55:57.978067-04
29	sprint	0002_auto_20190429_2222	2019-05-10 18:55:58.060296-04
30	sprint	0003_auto_20190429_2230	2019-05-10 18:55:58.110327-04
31	sprint	0004_auto_20190429_2239	2019-05-10 18:55:58.146074-04
32	sprint	0005_auto_20190429_2242	2019-05-10 18:55:58.185324-04
33	sprint	0006_auto_20190501_1852	2019-05-10 18:55:58.207686-04
34	tipoUserStory	0001_initial	2019-05-10 18:55:58.562909-04
35	tipoUserStory	0002_auto_20190429_2212	2019-05-10 18:55:58.602885-04
36	userstory	0001_initial	2019-05-10 18:55:58.829842-04
37	userstory	0002_userstory_team_member	2019-05-10 18:55:58.946585-04
38	userstory	0003_auto_20190501_1455	2019-05-10 18:55:59.180201-04
39	userstory	0004_auto_20190501_1852	2019-05-10 18:55:59.287451-04
40	userstory	0005_userstory_fase	2019-05-10 18:55:59.404853-04
41	userstory	0006_actividad_archivo_nota	2019-05-10 18:55:59.998617-04
42	userstory	0007_auto_20190502_2159	2019-05-10 18:56:00.098993-04
43	userstory	0008_actividad	2019-05-10 18:56:00.357176-04
44	userstory	0009_auto_20190504_1037	2019-05-10 18:56:00.502373-04
45	userstory	0010_auto_20190505_1457	2019-05-10 18:56:00.892435-04
46	userstory	0011_auto_20190505_1501	2019-05-10 18:56:00.964547-04
47	userstory	0009_auto_20190504_0931	2019-05-10 18:56:01.019993-04
48	userstory	0012_merge_20190508_1010	2019-05-10 18:56:01.030892-04
49	userstory	0013_auto_20190508_1104	2019-05-10 18:56:01.382883-04
50	userstory	0014_auto_20190509_1003	2019-05-10 18:56:01.482261-04
51	userstory	0009_auto_20190504_0925	2019-05-10 18:56:01.535614-04
52	userstory	0012_merge_20190506_1513	2019-05-10 18:56:01.549728-04
53	userstory	0013_auto_20190508_1014	2019-05-10 18:56:02.228979-04
54	userstory	0009_auto_20190503_2156	2019-05-10 18:56:02.355218-04
55	userstory	0012_merge_20190506_1455	2019-05-10 18:56:02.366216-04
56	userstory	0015_merge_20190510_1855	2019-05-10 18:56:02.374286-04
57	usuarios	0002_auto_20190429_2239	2019-05-10 18:56:02.420081-04
58	proyecto	0004_teammember_horas_dia	2019-05-11 03:02:38.534099-04
59	proyecto	0005_remove_teammember_horas_dia	2019-05-11 03:02:38.75044-04
60	proyecto	0006_merge_20190511_0302	2019-05-11 03:02:38.758896-04
61	userstory	0012_auto_20190506_1349	2019-05-11 03:02:39.591373-04
62	userstory	0013_auto_20190506_1349	2019-05-11 03:02:39.698252-04
63	userstory	0014_auto_20190506_1353	2019-05-11 03:02:39.993176-04
64	userstory	0016_merge_20190511_0302	2019-05-11 03:02:40.007737-04
\.


--
-- TOC entry 3353 (class 0 OID 50399)
-- Dependencies: 232
-- Data for Name: django_session; Type: TABLE DATA; Schema: public; Owner: postgres
--

COPY public.django_session (session_key, session_data, expire_date) FROM stdin;
f8lurreiuxr17wpi90dly2ev1voxe6o1	MGQxMmZkOWQ4ZDk0MTUzZDE2Y2UxNjUxZGIyOGYyZTViN2U3M2EyODp7Il9hdXRoX3VzZXJfaWQiOiIxIiwiX2F1dGhfdXNlcl9iYWNrZW5kIjoiZGphbmdvLmNvbnRyaWIuYXV0aC5iYWNrZW5kcy5Nb2RlbEJhY2tlbmQiLCJfYXV0aF91c2VyX2hhc2giOiI1NGUyMDIwOTdjZDU2ZTdjZTM3MjYzM2IyNjA5NjViZDY0ODM1ZTI1In0=	2019-05-24 19:32:09.597046-04
xg9bg430xu9stivrvdpkkqd6uqq8k6ll	MGQxMmZkOWQ4ZDk0MTUzZDE2Y2UxNjUxZGIyOGYyZTViN2U3M2EyODp7Il9hdXRoX3VzZXJfaWQiOiIxIiwiX2F1dGhfdXNlcl9iYWNrZW5kIjoiZGphbmdvLmNvbnRyaWIuYXV0aC5iYWNrZW5kcy5Nb2RlbEJhY2tlbmQiLCJfYXV0aF91c2VyX2hhc2giOiI1NGUyMDIwOTdjZDU2ZTdjZTM3MjYzM2IyNjA5NjViZDY0ODM1ZTI1In0=	2019-05-25 00:22:08.991307-04
v6veee0hic911dplbj52rko29pjrk8t6	NzI1ZTFiMzU3ZTZhYzEzNmMwYmQ3YmExNTEyMzNjYjk1N2MwMDZhYjp7Il9hdXRoX3VzZXJfaWQiOiIxIiwiX2F1dGhfdXNlcl9iYWNrZW5kIjoiZGphbmdvLmNvbnRyaWIuYXV0aC5iYWNrZW5kcy5Nb2RlbEJhY2tlbmQiLCJfYXV0aF91c2VyX2hhc2giOiJjMzdjNzY1ZmNlMmY0ZGYxNGZjYTQ2MjFjNjkwYjFmY2U5NmI5YjM0In0=	2019-05-25 07:57:19.919975-04
x2l3nkb5d3s6slmmq24ngyj407reu1pe	MGUyYzAyZDY3ZTAwZDYyMTZlZDZiZDY3MGIyNWU4M2Q3ODc4NjI2Nzp7Il9hdXRoX3VzZXJfaWQiOiIyIiwiX2F1dGhfdXNlcl9iYWNrZW5kIjoiZGphbmdvLmNvbnRyaWIuYXV0aC5iYWNrZW5kcy5Nb2RlbEJhY2tlbmQiLCJfYXV0aF91c2VyX2hhc2giOiJhMDk1ZWFiNmY0NTQ3YTJlMjBkODYwYTlhYmMyMTc2NjE0YTVlNTRiIn0=	2019-05-28 09:04:29.209668-04
\.


--
-- TOC entry 3350 (class 0 OID 50359)
-- Dependencies: 229
-- Data for Name: flujo_fase; Type: TABLE DATA; Schema: public; Owner: postgres
--

COPY public.flujo_fase (id, nombre, flujo_id) FROM stdin;
3	Dev	1
4	QA	1
5	Develop	2
6	DesktopTest	3
7	Unnittest	3
8	EndToEnd	3
\.


--
-- TOC entry 3352 (class 0 OID 50367)
-- Dependencies: 231
-- Data for Name: flujo_flujo; Type: TABLE DATA; Schema: public; Owner: postgres
--

COPY public.flujo_flujo (id, nombre, descripcion, proyecto_id) FROM stdin;
1	Dev+QA		1
2	Dev		1
3	QA		1
\.


--
-- TOC entry 3346 (class 0 OID 50328)
-- Dependencies: 225
-- Data for Name: proyecto_proyecto; Type: TABLE DATA; Schema: public; Owner: postgres
--

COPY public.proyecto_proyecto (id, nombre, fecha_inicio, fecha_fin, estado, descripcion, fecha_ini_estimada, fecha_fin_estimada) FROM stdin;
1	Proyecto Principal	2019-05-11	\N	Activo	Proyecto largo	1992-01-23	2001-02-01
\.


--
-- TOC entry 3348 (class 0 OID 50339)
-- Dependencies: 227
-- Data for Name: proyecto_teammember; Type: TABLE DATA; Schema: public; Owner: postgres
--

COPY public.proyecto_teammember (id, proyecto_id, rol_id, usuario_id) FROM stdin;
2	1	1	2
3	1	1	1
\.


--
-- TOC entry 3320 (class 0 OID 50110)
-- Dependencies: 199
-- Data for Name: rol_permiso; Type: TABLE DATA; Schema: public; Owner: postgres
--

COPY public.rol_permiso (id, nombre, tipo) FROM stdin;
1	Ver Usuarios	1
2	Modificar Usuarios	1
3	Crear Usuarios	1
4	Ver Roles	1
5	Modificar Roles	1
6	Crear Roles	1
7	Crear Proyectos	1
8	Ver Proyectos	1
9	Modificar Proyectos	1
10	Ver Opciones de Proyecto	2
11	Ver Flujos	2
12	Crear Flujos	2
13	Modificar Flujos	2
14	Ver Tipos de User Story	2
15	Modificar Tipos de User Story	2
16	Crear Tipos de User Story	2
17	Asignar Roles	2
18	Ver Ejecucion de Proyectos	2
19	Ver Sprint	2
20	Crear Sprint	2
21	Modificar Sprint	2
22	Ver User Stories	2
23	Crear User Stories	2
24	Modificar User Stories	2
25	Ver Product Backlog	2
26	Asignar User Stories	2
27	Iniciar Proyecto	2
28	Terminar Proyecto	2
29	Cancelar Proyecto	2
30	Suspender Proyecto	2
31	Iniciar Sprint	2
32	Ver Tablero	2
33	Mover de Estado	2
34	Ver Control de Calidad	2
35	Ver Product Backlog	2
36	Ver Usuarios	1
37	Modificar Usuario	1
38	Crear Usuarios	1
39	Ver Roles	1
40	Modificar Roles	1
41	Crear Roles	1
42	Crear Proyectos	1
43	Ver Proyectos	1
44	Modificar Proyectos	1
45	Ver Clientes	1
46	Crear Clientes	1
47	Modificar Clientes	1
48	Ver Opciones de Proyecto	2
49	Ver Flujos	2
50	Crear Flujos	2
51	Modificar Flujos	2
52	Ver Tipos de User Story	2
53	Modificar Tipos de User Story	2
54	Crear Tipos de User Story	2
55	Asignar Roles	2
56	Ver Ejecucion de Proyectos	2
57	Ver Sprint	2
58	Crear Sprint	2
59	Modificar Sprint	2
60	Ver User Stories	2
61	Crear User Story	2
62	Modificar User Story	2
63	Ver Product Backlog	2
64	Asignar User Stories	2
65	Iniciar Proyecto	2
66	Terminar Proyecto	2
67	Cancelar Proyecto	2
68	Suspender Proyecto	2
69	Iniciar Sprint	2
70	Ver Tablero	2
71	Mover de Estado	2
72	Mover de Estado	2
73	Ver Control de Calidad	2
\.


--
-- TOC entry 3322 (class 0 OID 50118)
-- Dependencies: 201
-- Data for Name: rol_rol; Type: TABLE DATA; Schema: public; Owner: postgres
--

COPY public.rol_rol (id, nombre, descripcion) FROM stdin;
1	Scrum Master	Encargado principal del Proyecto.
\.


--
-- TOC entry 3324 (class 0 OID 50128)
-- Dependencies: 203
-- Data for Name: rol_rol_permisos; Type: TABLE DATA; Schema: public; Owner: postgres
--

COPY public.rol_rol_permisos (id, rol_id, permiso_id) FROM stdin;
1	1	10
2	1	11
3	1	12
4	1	13
5	1	14
6	1	15
7	1	16
8	1	17
9	1	18
10	1	19
11	1	20
12	1	21
13	1	22
14	1	23
15	1	24
16	1	25
17	1	26
18	1	27
19	1	28
20	1	29
21	1	30
22	1	31
23	1	32
24	1	33
25	1	34
26	1	35
\.


--
-- TOC entry 3355 (class 0 OID 50411)
-- Dependencies: 234
-- Data for Name: sprint_sprint; Type: TABLE DATA; Schema: public; Owner: postgres
--

COPY public.sprint_sprint (id, nombre, fecha_inicio, fecha_fin, duracion, estado, proyecto_id, fecha_fin_estimada, fecha_ini_estimada) FROM stdin;
1	Sprint1	\N	\N	\N	En Proceso	1	2020-02-01	2020-01-01
\.


--
-- TOC entry 3357 (class 0 OID 50425)
-- Dependencies: 236
-- Data for Name: tipoUserStory_tipouserstory; Type: TABLE DATA; Schema: public; Owner: postgres
--

COPY public."tipoUserStory_tipouserstory" (id, nombre, descripcion, proyecto_id) FROM stdin;
1	UST-1	Developer	1
2	UST-2	QA	1
\.


--
-- TOC entry 3359 (class 0 OID 50436)
-- Dependencies: 238
-- Data for Name: tipoUserStory_tipouserstory_flujos; Type: TABLE DATA; Schema: public; Owner: postgres
--

COPY public."tipoUserStory_tipouserstory_flujos" (id, tipouserstory_id, flujo_id) FROM stdin;
1	1	1
2	1	2
3	2	1
4	2	3
\.


--
-- TOC entry 3367 (class 0 OID 50577)
-- Dependencies: 246
-- Data for Name: userstory_actividad; Type: TABLE DATA; Schema: public; Owner: postgres
--

COPY public.userstory_actividad (id, nombre, descripcion, duracion, fecha, us_id, usuario_id) FROM stdin;
\.


--
-- TOC entry 3363 (class 0 OID 50528)
-- Dependencies: 242
-- Data for Name: userstory_archivo; Type: TABLE DATA; Schema: public; Owner: postgres
--

COPY public.userstory_archivo (id, titulo, archivo, fecha, us_id, usuario_id) FROM stdin;
1		Captura_de_pantalla_de_2018-07-28_12-16-02_jljuTqv.png	2019-05-11 08:34:16.809548-04	1	2
\.


--
-- TOC entry 3365 (class 0 OID 50536)
-- Dependencies: 244
-- Data for Name: userstory_nota; Type: TABLE DATA; Schema: public; Owner: postgres
--

COPY public.userstory_nota (id, nota, fecha, us_id, usuario_id) FROM stdin;
1	hola	2019-05-11 08:34:05.892194-04	1	2
\.


--
-- TOC entry 3361 (class 0 OID 50464)
-- Dependencies: 240
-- Data for Name: userstory_userstory; Type: TABLE DATA; Schema: public; Owner: postgres
--

COPY public.userstory_userstory (id, nombre, descripcion, fecha_inicio, duracion_estimada, valor_negocio, prioridad, valor_tecnico, estado, proyecto_id, sprint_id, team_member_id, flujo_id, tipo_us_id, estado_fase, fase_id) FROM stdin;
2	SesionStorage	Se maneja las sesiones	\N	02:30:00	6	8	3	1	1	1	\N	1	1	To Do	3
1	Login	Crear el Login	\N	02:00:00	9	10	2	1	1	1	\N	3	2	To Do	3
\.


--
-- TOC entry 3369 (class 0 OID 60427)
-- Dependencies: 248
-- Data for Name: userstory_userstory_sprints_asignados; Type: TABLE DATA; Schema: public; Owner: postgres
--

COPY public.userstory_userstory_sprints_asignados (id, userstory_id, sprint_id) FROM stdin;
\.


--
-- TOC entry 3334 (class 0 OID 50210)
-- Dependencies: 213
-- Data for Name: usuarios_usuario; Type: TABLE DATA; Schema: public; Owner: postgres
--

COPY public.usuarios_usuario (id, password, last_login, is_superuser, username, first_name, last_name, is_staff, is_active, date_joined, estado, ci, telefono, direccion, descripcion, email) FROM stdin;
1	pbkdf2_sha256$100000$oWG6ZWsfqstB$Ux1WuuKx4xJ5C2bPrUhiTwt9QaA0EFHlLk4u66/eJUs=	2019-05-11 09:30:46.489242-04	t	admin	admin	admin	t	t	2019-05-10 18:57:10.49528-04	Activo	123123312	213123	adminaddress	Desc	sdas@gmail.com
2	pbkdf2_sha256$100000$wCAQloNJC5mP$W7l6fHFSB612Rv6bBOk3oG4sJyE4kUD65aK/5FLYVbc=	2019-05-14 09:04:29.176529-04	f	sebas	Sebastian	Rojas	f	t	2019-05-11 03:30:33.740692-04	Activo	8123321	02111223	San Lorenzo	Desc	sebas@gmail.com
\.


--
-- TOC entry 3336 (class 0 OID 50223)
-- Dependencies: 215
-- Data for Name: usuarios_usuario_groups; Type: TABLE DATA; Schema: public; Owner: postgres
--

COPY public.usuarios_usuario_groups (id, usuario_id, group_id) FROM stdin;
\.


--
-- TOC entry 3338 (class 0 OID 50231)
-- Dependencies: 217
-- Data for Name: usuarios_usuario_permisos; Type: TABLE DATA; Schema: public; Owner: postgres
--

COPY public.usuarios_usuario_permisos (id, usuario_id, permiso_id) FROM stdin;
1	2	1
2	2	2
3	2	3
4	2	4
5	2	5
6	2	6
7	2	7
8	2	8
9	2	9
10	1	1
11	1	2
12	1	3
13	1	4
14	1	5
15	1	6
16	1	7
17	1	8
18	1	9
19	2	36
20	2	37
21	2	38
22	2	39
23	2	40
24	2	41
25	2	42
26	2	43
27	2	44
28	2	45
29	2	46
30	2	47
\.


--
-- TOC entry 3340 (class 0 OID 50239)
-- Dependencies: 219
-- Data for Name: usuarios_usuario_user_permissions; Type: TABLE DATA; Schema: public; Owner: postgres
--

COPY public.usuarios_usuario_user_permissions (id, usuario_id, permission_id) FROM stdin;
\.


--
-- TOC entry 3401 (class 0 OID 0)
-- Dependencies: 208
-- Name: auth_group_id_seq; Type: SEQUENCE SET; Schema: public; Owner: postgres
--

SELECT pg_catalog.setval('public.auth_group_id_seq', 1, false);


--
-- TOC entry 3402 (class 0 OID 0)
-- Dependencies: 210
-- Name: auth_group_permissions_id_seq; Type: SEQUENCE SET; Schema: public; Owner: postgres
--

SELECT pg_catalog.setval('public.auth_group_permissions_id_seq', 1, false);


--
-- TOC entry 3403 (class 0 OID 0)
-- Dependencies: 206
-- Name: auth_permission_id_seq; Type: SEQUENCE SET; Schema: public; Owner: postgres
--

SELECT pg_catalog.setval('public.auth_permission_id_seq', 57, true);


--
-- TOC entry 3404 (class 0 OID 0)
-- Dependencies: 222
-- Name: clientes_cliente_id_seq; Type: SEQUENCE SET; Schema: public; Owner: postgres
--

SELECT pg_catalog.setval('public.clientes_cliente_id_seq', 1, true);


--
-- TOC entry 3405 (class 0 OID 0)
-- Dependencies: 220
-- Name: django_admin_log_id_seq; Type: SEQUENCE SET; Schema: public; Owner: postgres
--

SELECT pg_catalog.setval('public.django_admin_log_id_seq', 73, true);


--
-- TOC entry 3406 (class 0 OID 0)
-- Dependencies: 204
-- Name: django_content_type_id_seq; Type: SEQUENCE SET; Schema: public; Owner: postgres
--

SELECT pg_catalog.setval('public.django_content_type_id_seq', 19, true);


--
-- TOC entry 3407 (class 0 OID 0)
-- Dependencies: 196
-- Name: django_migrations_id_seq; Type: SEQUENCE SET; Schema: public; Owner: postgres
--

SELECT pg_catalog.setval('public.django_migrations_id_seq', 64, true);


--
-- TOC entry 3408 (class 0 OID 0)
-- Dependencies: 228
-- Name: flujo_fase_id_seq; Type: SEQUENCE SET; Schema: public; Owner: postgres
--

SELECT pg_catalog.setval('public.flujo_fase_id_seq', 8, true);


--
-- TOC entry 3409 (class 0 OID 0)
-- Dependencies: 230
-- Name: flujo_flujo_id_seq; Type: SEQUENCE SET; Schema: public; Owner: postgres
--

SELECT pg_catalog.setval('public.flujo_flujo_id_seq', 3, true);


--
-- TOC entry 3410 (class 0 OID 0)
-- Dependencies: 224
-- Name: proyecto_proyecto_id_seq; Type: SEQUENCE SET; Schema: public; Owner: postgres
--

SELECT pg_catalog.setval('public.proyecto_proyecto_id_seq', 1, true);


--
-- TOC entry 3411 (class 0 OID 0)
-- Dependencies: 226
-- Name: proyecto_teammember_id_seq; Type: SEQUENCE SET; Schema: public; Owner: postgres
--

SELECT pg_catalog.setval('public.proyecto_teammember_id_seq', 3, true);


--
-- TOC entry 3412 (class 0 OID 0)
-- Dependencies: 198
-- Name: rol_permiso_id_seq; Type: SEQUENCE SET; Schema: public; Owner: postgres
--

SELECT pg_catalog.setval('public.rol_permiso_id_seq', 73, true);


--
-- TOC entry 3413 (class 0 OID 0)
-- Dependencies: 200
-- Name: rol_rol_id_seq; Type: SEQUENCE SET; Schema: public; Owner: postgres
--

SELECT pg_catalog.setval('public.rol_rol_id_seq', 1, true);


--
-- TOC entry 3414 (class 0 OID 0)
-- Dependencies: 202
-- Name: rol_rol_permisos_id_seq; Type: SEQUENCE SET; Schema: public; Owner: postgres
--

SELECT pg_catalog.setval('public.rol_rol_permisos_id_seq', 26, true);


--
-- TOC entry 3415 (class 0 OID 0)
-- Dependencies: 233
-- Name: sprint_sprint_id_seq; Type: SEQUENCE SET; Schema: public; Owner: postgres
--

SELECT pg_catalog.setval('public.sprint_sprint_id_seq', 1, true);


--
-- TOC entry 3416 (class 0 OID 0)
-- Dependencies: 237
-- Name: tipoUserStory_tipouserstory_flujos_id_seq; Type: SEQUENCE SET; Schema: public; Owner: postgres
--

SELECT pg_catalog.setval('public."tipoUserStory_tipouserstory_flujos_id_seq"', 4, true);


--
-- TOC entry 3417 (class 0 OID 0)
-- Dependencies: 235
-- Name: tipoUserStory_tipouserstory_id_seq; Type: SEQUENCE SET; Schema: public; Owner: postgres
--

SELECT pg_catalog.setval('public."tipoUserStory_tipouserstory_id_seq"', 2, true);


--
-- TOC entry 3418 (class 0 OID 0)
-- Dependencies: 245
-- Name: userstory_actividad_id_seq; Type: SEQUENCE SET; Schema: public; Owner: postgres
--

SELECT pg_catalog.setval('public.userstory_actividad_id_seq', 1, false);


--
-- TOC entry 3419 (class 0 OID 0)
-- Dependencies: 241
-- Name: userstory_archivo_id_seq; Type: SEQUENCE SET; Schema: public; Owner: postgres
--

SELECT pg_catalog.setval('public.userstory_archivo_id_seq', 1, true);


--
-- TOC entry 3420 (class 0 OID 0)
-- Dependencies: 243
-- Name: userstory_nota_id_seq; Type: SEQUENCE SET; Schema: public; Owner: postgres
--

SELECT pg_catalog.setval('public.userstory_nota_id_seq', 1, true);


--
-- TOC entry 3421 (class 0 OID 0)
-- Dependencies: 239
-- Name: userstory_userstory_id_seq; Type: SEQUENCE SET; Schema: public; Owner: postgres
--

SELECT pg_catalog.setval('public.userstory_userstory_id_seq', 2, true);


--
-- TOC entry 3422 (class 0 OID 0)
-- Dependencies: 247
-- Name: userstory_userstory_sprints_asignados_id_seq; Type: SEQUENCE SET; Schema: public; Owner: postgres
--

SELECT pg_catalog.setval('public.userstory_userstory_sprints_asignados_id_seq', 1, false);


--
-- TOC entry 3423 (class 0 OID 0)
-- Dependencies: 214
-- Name: usuarios_usuario_groups_id_seq; Type: SEQUENCE SET; Schema: public; Owner: postgres
--

SELECT pg_catalog.setval('public.usuarios_usuario_groups_id_seq', 1, false);


--
-- TOC entry 3424 (class 0 OID 0)
-- Dependencies: 212
-- Name: usuarios_usuario_id_seq; Type: SEQUENCE SET; Schema: public; Owner: postgres
--

SELECT pg_catalog.setval('public.usuarios_usuario_id_seq', 2, true);


--
-- TOC entry 3425 (class 0 OID 0)
-- Dependencies: 216
-- Name: usuarios_usuario_permisos_id_seq; Type: SEQUENCE SET; Schema: public; Owner: postgres
--

SELECT pg_catalog.setval('public.usuarios_usuario_permisos_id_seq', 30, true);


--
-- TOC entry 3426 (class 0 OID 0)
-- Dependencies: 218
-- Name: usuarios_usuario_user_permissions_id_seq; Type: SEQUENCE SET; Schema: public; Owner: postgres
--

SELECT pg_catalog.setval('public.usuarios_usuario_user_permissions_id_seq', 1, false);


--
-- TOC entry 3064 (class 2606 OID 50176)
-- Name: auth_group auth_group_name_key; Type: CONSTRAINT; Schema: public; Owner: postgres
--

ALTER TABLE ONLY public.auth_group
    ADD CONSTRAINT auth_group_name_key UNIQUE (name);


--
-- TOC entry 3069 (class 2606 OID 50205)
-- Name: auth_group_permissions auth_group_permissions_group_id_permission_id_0cd325b0_uniq; Type: CONSTRAINT; Schema: public; Owner: postgres
--

ALTER TABLE ONLY public.auth_group_permissions
    ADD CONSTRAINT auth_group_permissions_group_id_permission_id_0cd325b0_uniq UNIQUE (group_id, permission_id);


--
-- TOC entry 3072 (class 2606 OID 50184)
-- Name: auth_group_permissions auth_group_permissions_pkey; Type: CONSTRAINT; Schema: public; Owner: postgres
--

ALTER TABLE ONLY public.auth_group_permissions
    ADD CONSTRAINT auth_group_permissions_pkey PRIMARY KEY (id);


--
-- TOC entry 3066 (class 2606 OID 50174)
-- Name: auth_group auth_group_pkey; Type: CONSTRAINT; Schema: public; Owner: postgres
--

ALTER TABLE ONLY public.auth_group
    ADD CONSTRAINT auth_group_pkey PRIMARY KEY (id);


--
-- TOC entry 3059 (class 2606 OID 50191)
-- Name: auth_permission auth_permission_content_type_id_codename_01ab375a_uniq; Type: CONSTRAINT; Schema: public; Owner: postgres
--

ALTER TABLE ONLY public.auth_permission
    ADD CONSTRAINT auth_permission_content_type_id_codename_01ab375a_uniq UNIQUE (content_type_id, codename);


--
-- TOC entry 3061 (class 2606 OID 50166)
-- Name: auth_permission auth_permission_pkey; Type: CONSTRAINT; Schema: public; Owner: postgres
--

ALTER TABLE ONLY public.auth_permission
    ADD CONSTRAINT auth_permission_pkey PRIMARY KEY (id);


--
-- TOC entry 3101 (class 2606 OID 50322)
-- Name: clientes_cliente clientes_cliente_pkey; Type: CONSTRAINT; Schema: public; Owner: postgres
--

ALTER TABLE ONLY public.clientes_cliente
    ADD CONSTRAINT clientes_cliente_pkey PRIMARY KEY (id);


--
-- TOC entry 3104 (class 2606 OID 50324)
-- Name: clientes_cliente clientes_cliente_ruc_02216710_uniq; Type: CONSTRAINT; Schema: public; Owner: postgres
--

ALTER TABLE ONLY public.clientes_cliente
    ADD CONSTRAINT clientes_cliente_ruc_02216710_uniq UNIQUE (ruc);


--
-- TOC entry 3098 (class 2606 OID 50299)
-- Name: django_admin_log django_admin_log_pkey; Type: CONSTRAINT; Schema: public; Owner: postgres
--

ALTER TABLE ONLY public.django_admin_log
    ADD CONSTRAINT django_admin_log_pkey PRIMARY KEY (id);


--
-- TOC entry 3054 (class 2606 OID 50158)
-- Name: django_content_type django_content_type_app_label_model_76bd3d3b_uniq; Type: CONSTRAINT; Schema: public; Owner: postgres
--

ALTER TABLE ONLY public.django_content_type
    ADD CONSTRAINT django_content_type_app_label_model_76bd3d3b_uniq UNIQUE (app_label, model);


--
-- TOC entry 3056 (class 2606 OID 50156)
-- Name: django_content_type django_content_type_pkey; Type: CONSTRAINT; Schema: public; Owner: postgres
--

ALTER TABLE ONLY public.django_content_type
    ADD CONSTRAINT django_content_type_pkey PRIMARY KEY (id);


--
-- TOC entry 3039 (class 2606 OID 50107)
-- Name: django_migrations django_migrations_pkey; Type: CONSTRAINT; Schema: public; Owner: postgres
--

ALTER TABLE ONLY public.django_migrations
    ADD CONSTRAINT django_migrations_pkey PRIMARY KEY (id);


--
-- TOC entry 3120 (class 2606 OID 50406)
-- Name: django_session django_session_pkey; Type: CONSTRAINT; Schema: public; Owner: postgres
--

ALTER TABLE ONLY public.django_session
    ADD CONSTRAINT django_session_pkey PRIMARY KEY (session_key);


--
-- TOC entry 3114 (class 2606 OID 50364)
-- Name: flujo_fase flujo_fase_pkey; Type: CONSTRAINT; Schema: public; Owner: postgres
--

ALTER TABLE ONLY public.flujo_fase
    ADD CONSTRAINT flujo_fase_pkey PRIMARY KEY (id);


--
-- TOC entry 3116 (class 2606 OID 50375)
-- Name: flujo_flujo flujo_flujo_pkey; Type: CONSTRAINT; Schema: public; Owner: postgres
--

ALTER TABLE ONLY public.flujo_flujo
    ADD CONSTRAINT flujo_flujo_pkey PRIMARY KEY (id);


--
-- TOC entry 3106 (class 2606 OID 50336)
-- Name: proyecto_proyecto proyecto_proyecto_pkey; Type: CONSTRAINT; Schema: public; Owner: postgres
--

ALTER TABLE ONLY public.proyecto_proyecto
    ADD CONSTRAINT proyecto_proyecto_pkey PRIMARY KEY (id);


--
-- TOC entry 3108 (class 2606 OID 50344)
-- Name: proyecto_teammember proyecto_teammember_pkey; Type: CONSTRAINT; Schema: public; Owner: postgres
--

ALTER TABLE ONLY public.proyecto_teammember
    ADD CONSTRAINT proyecto_teammember_pkey PRIMARY KEY (id);


--
-- TOC entry 3041 (class 2606 OID 50115)
-- Name: rol_permiso rol_permiso_pkey; Type: CONSTRAINT; Schema: public; Owner: postgres
--

ALTER TABLE ONLY public.rol_permiso
    ADD CONSTRAINT rol_permiso_pkey PRIMARY KEY (id);


--
-- TOC entry 3044 (class 2606 OID 50125)
-- Name: rol_rol rol_rol_nombre_key; Type: CONSTRAINT; Schema: public; Owner: postgres
--

ALTER TABLE ONLY public.rol_rol
    ADD CONSTRAINT rol_rol_nombre_key UNIQUE (nombre);


--
-- TOC entry 3049 (class 2606 OID 50133)
-- Name: rol_rol_permisos rol_rol_permisos_pkey; Type: CONSTRAINT; Schema: public; Owner: postgres
--

ALTER TABLE ONLY public.rol_rol_permisos
    ADD CONSTRAINT rol_rol_permisos_pkey PRIMARY KEY (id);


--
-- TOC entry 3052 (class 2606 OID 50146)
-- Name: rol_rol_permisos rol_rol_permisos_rol_id_permiso_id_48216c3d_uniq; Type: CONSTRAINT; Schema: public; Owner: postgres
--

ALTER TABLE ONLY public.rol_rol_permisos
    ADD CONSTRAINT rol_rol_permisos_rol_id_permiso_id_48216c3d_uniq UNIQUE (rol_id, permiso_id);


--
-- TOC entry 3046 (class 2606 OID 50123)
-- Name: rol_rol rol_rol_pkey; Type: CONSTRAINT; Schema: public; Owner: postgres
--

ALTER TABLE ONLY public.rol_rol
    ADD CONSTRAINT rol_rol_pkey PRIMARY KEY (id);


--
-- TOC entry 3123 (class 2606 OID 50416)
-- Name: sprint_sprint sprint_sprint_pkey; Type: CONSTRAINT; Schema: public; Owner: postgres
--

ALTER TABLE ONLY public.sprint_sprint
    ADD CONSTRAINT sprint_sprint_pkey PRIMARY KEY (id);


--
-- TOC entry 3130 (class 2606 OID 50441)
-- Name: tipoUserStory_tipouserstory_flujos tipoUserStory_tipouserstory_flujos_pkey; Type: CONSTRAINT; Schema: public; Owner: postgres
--

ALTER TABLE ONLY public."tipoUserStory_tipouserstory_flujos"
    ADD CONSTRAINT "tipoUserStory_tipouserstory_flujos_pkey" PRIMARY KEY (id);


--
-- TOC entry 3126 (class 2606 OID 50433)
-- Name: tipoUserStory_tipouserstory tipoUserStory_tipouserstory_pkey; Type: CONSTRAINT; Schema: public; Owner: postgres
--

ALTER TABLE ONLY public."tipoUserStory_tipouserstory"
    ADD CONSTRAINT "tipoUserStory_tipouserstory_pkey" PRIMARY KEY (id);


--
-- TOC entry 3133 (class 2606 OID 50459)
-- Name: tipoUserStory_tipouserstory_flujos tipouserstory_tipouserst_tipouserstory_id_flujo_i_02a3a3c7_uniq; Type: CONSTRAINT; Schema: public; Owner: postgres
--

ALTER TABLE ONLY public."tipoUserStory_tipouserstory_flujos"
    ADD CONSTRAINT tipouserstory_tipouserst_tipouserstory_id_flujo_i_02a3a3c7_uniq UNIQUE (tipouserstory_id, flujo_id);


--
-- TOC entry 3151 (class 2606 OID 50585)
-- Name: userstory_actividad userstory_actividad_pkey; Type: CONSTRAINT; Schema: public; Owner: postgres
--

ALTER TABLE ONLY public.userstory_actividad
    ADD CONSTRAINT userstory_actividad_pkey PRIMARY KEY (id);


--
-- TOC entry 3143 (class 2606 OID 50533)
-- Name: userstory_archivo userstory_archivo_pkey; Type: CONSTRAINT; Schema: public; Owner: postgres
--

ALTER TABLE ONLY public.userstory_archivo
    ADD CONSTRAINT userstory_archivo_pkey PRIMARY KEY (id);


--
-- TOC entry 3147 (class 2606 OID 50544)
-- Name: userstory_nota userstory_nota_pkey; Type: CONSTRAINT; Schema: public; Owner: postgres
--

ALTER TABLE ONLY public.userstory_nota
    ADD CONSTRAINT userstory_nota_pkey PRIMARY KEY (id);


--
-- TOC entry 3137 (class 2606 OID 50476)
-- Name: userstory_userstory userstory_userstory_pkey; Type: CONSTRAINT; Schema: public; Owner: postgres
--

ALTER TABLE ONLY public.userstory_userstory
    ADD CONSTRAINT userstory_userstory_pkey PRIMARY KEY (id);


--
-- TOC entry 3155 (class 2606 OID 60444)
-- Name: userstory_userstory_sprints_asignados userstory_userstory_spri_userstory_id_sprint_id_2b14e3a5_uniq; Type: CONSTRAINT; Schema: public; Owner: postgres
--

ALTER TABLE ONLY public.userstory_userstory_sprints_asignados
    ADD CONSTRAINT userstory_userstory_spri_userstory_id_sprint_id_2b14e3a5_uniq UNIQUE (userstory_id, sprint_id);


--
-- TOC entry 3157 (class 2606 OID 60432)
-- Name: userstory_userstory_sprints_asignados userstory_userstory_sprints_asignados_pkey; Type: CONSTRAINT; Schema: public; Owner: postgres
--

ALTER TABLE ONLY public.userstory_userstory_sprints_asignados
    ADD CONSTRAINT userstory_userstory_sprints_asignados_pkey PRIMARY KEY (id);


--
-- TOC entry 3080 (class 2606 OID 50228)
-- Name: usuarios_usuario_groups usuarios_usuario_groups_pkey; Type: CONSTRAINT; Schema: public; Owner: postgres
--

ALTER TABLE ONLY public.usuarios_usuario_groups
    ADD CONSTRAINT usuarios_usuario_groups_pkey PRIMARY KEY (id);


--
-- TOC entry 3083 (class 2606 OID 50257)
-- Name: usuarios_usuario_groups usuarios_usuario_groups_usuario_id_group_id_4ed5b09e_uniq; Type: CONSTRAINT; Schema: public; Owner: postgres
--

ALTER TABLE ONLY public.usuarios_usuario_groups
    ADD CONSTRAINT usuarios_usuario_groups_usuario_id_group_id_4ed5b09e_uniq UNIQUE (usuario_id, group_id);


--
-- TOC entry 3086 (class 2606 OID 50236)
-- Name: usuarios_usuario_permisos usuarios_usuario_permisos_pkey; Type: CONSTRAINT; Schema: public; Owner: postgres
--

ALTER TABLE ONLY public.usuarios_usuario_permisos
    ADD CONSTRAINT usuarios_usuario_permisos_pkey PRIMARY KEY (id);


--
-- TOC entry 3089 (class 2606 OID 50271)
-- Name: usuarios_usuario_permisos usuarios_usuario_permisos_usuario_id_permiso_id_4098f0ba_uniq; Type: CONSTRAINT; Schema: public; Owner: postgres
--

ALTER TABLE ONLY public.usuarios_usuario_permisos
    ADD CONSTRAINT usuarios_usuario_permisos_usuario_id_permiso_id_4098f0ba_uniq UNIQUE (usuario_id, permiso_id);


--
-- TOC entry 3074 (class 2606 OID 50218)
-- Name: usuarios_usuario usuarios_usuario_pkey; Type: CONSTRAINT; Schema: public; Owner: postgres
--

ALTER TABLE ONLY public.usuarios_usuario
    ADD CONSTRAINT usuarios_usuario_pkey PRIMARY KEY (id);


--
-- TOC entry 3091 (class 2606 OID 50285)
-- Name: usuarios_usuario_user_permissions usuarios_usuario_user_pe_usuario_id_permission_id_217cadcd_uniq; Type: CONSTRAINT; Schema: public; Owner: postgres
--

ALTER TABLE ONLY public.usuarios_usuario_user_permissions
    ADD CONSTRAINT usuarios_usuario_user_pe_usuario_id_permission_id_217cadcd_uniq UNIQUE (usuario_id, permission_id);


--
-- TOC entry 3094 (class 2606 OID 50244)
-- Name: usuarios_usuario_user_permissions usuarios_usuario_user_permissions_pkey; Type: CONSTRAINT; Schema: public; Owner: postgres
--

ALTER TABLE ONLY public.usuarios_usuario_user_permissions
    ADD CONSTRAINT usuarios_usuario_user_permissions_pkey PRIMARY KEY (id);


--
-- TOC entry 3077 (class 2606 OID 50220)
-- Name: usuarios_usuario usuarios_usuario_username_key; Type: CONSTRAINT; Schema: public; Owner: postgres
--

ALTER TABLE ONLY public.usuarios_usuario
    ADD CONSTRAINT usuarios_usuario_username_key UNIQUE (username);


--
-- TOC entry 3062 (class 1259 OID 50193)
-- Name: auth_group_name_a6ea08ec_like; Type: INDEX; Schema: public; Owner: postgres
--

CREATE INDEX auth_group_name_a6ea08ec_like ON public.auth_group USING btree (name varchar_pattern_ops);


--
-- TOC entry 3067 (class 1259 OID 50206)
-- Name: auth_group_permissions_group_id_b120cbf9; Type: INDEX; Schema: public; Owner: postgres
--

CREATE INDEX auth_group_permissions_group_id_b120cbf9 ON public.auth_group_permissions USING btree (group_id);


--
-- TOC entry 3070 (class 1259 OID 50207)
-- Name: auth_group_permissions_permission_id_84c5c92e; Type: INDEX; Schema: public; Owner: postgres
--

CREATE INDEX auth_group_permissions_permission_id_84c5c92e ON public.auth_group_permissions USING btree (permission_id);


--
-- TOC entry 3057 (class 1259 OID 50192)
-- Name: auth_permission_content_type_id_2f476e4b; Type: INDEX; Schema: public; Owner: postgres
--

CREATE INDEX auth_permission_content_type_id_2f476e4b ON public.auth_permission USING btree (content_type_id);


--
-- TOC entry 3102 (class 1259 OID 50325)
-- Name: clientes_cliente_ruc_02216710_like; Type: INDEX; Schema: public; Owner: postgres
--

CREATE INDEX clientes_cliente_ruc_02216710_like ON public.clientes_cliente USING btree (ruc varchar_pattern_ops);


--
-- TOC entry 3096 (class 1259 OID 50310)
-- Name: django_admin_log_content_type_id_c4bce8eb; Type: INDEX; Schema: public; Owner: postgres
--

CREATE INDEX django_admin_log_content_type_id_c4bce8eb ON public.django_admin_log USING btree (content_type_id);


--
-- TOC entry 3099 (class 1259 OID 50311)
-- Name: django_admin_log_user_id_c564eba6; Type: INDEX; Schema: public; Owner: postgres
--

CREATE INDEX django_admin_log_user_id_c564eba6 ON public.django_admin_log USING btree (user_id);


--
-- TOC entry 3118 (class 1259 OID 50408)
-- Name: django_session_expire_date_a5c62663; Type: INDEX; Schema: public; Owner: postgres
--

CREATE INDEX django_session_expire_date_a5c62663 ON public.django_session USING btree (expire_date);


--
-- TOC entry 3121 (class 1259 OID 50407)
-- Name: django_session_session_key_c0390e0f_like; Type: INDEX; Schema: public; Owner: postgres
--

CREATE INDEX django_session_session_key_c0390e0f_like ON public.django_session USING btree (session_key varchar_pattern_ops);


--
-- TOC entry 3112 (class 1259 OID 50382)
-- Name: flujo_fase_flujo_id_d39dd2e5; Type: INDEX; Schema: public; Owner: postgres
--

CREATE INDEX flujo_fase_flujo_id_d39dd2e5 ON public.flujo_fase USING btree (flujo_id);


--
-- TOC entry 3117 (class 1259 OID 50376)
-- Name: flujo_flujo_proyecto_id_48fd0611; Type: INDEX; Schema: public; Owner: postgres
--

CREATE INDEX flujo_flujo_proyecto_id_48fd0611 ON public.flujo_flujo USING btree (proyecto_id);


--
-- TOC entry 3109 (class 1259 OID 50355)
-- Name: proyecto_teammember_proyecto_id_e429383f; Type: INDEX; Schema: public; Owner: postgres
--

CREATE INDEX proyecto_teammember_proyecto_id_e429383f ON public.proyecto_teammember USING btree (proyecto_id);


--
-- TOC entry 3110 (class 1259 OID 50356)
-- Name: proyecto_teammember_rol_id_bf8bd91a; Type: INDEX; Schema: public; Owner: postgres
--

CREATE INDEX proyecto_teammember_rol_id_bf8bd91a ON public.proyecto_teammember USING btree (rol_id);


--
-- TOC entry 3111 (class 1259 OID 50388)
-- Name: proyecto_teammember_usuario_id_2c9f2c76; Type: INDEX; Schema: public; Owner: postgres
--

CREATE INDEX proyecto_teammember_usuario_id_2c9f2c76 ON public.proyecto_teammember USING btree (usuario_id);


--
-- TOC entry 3042 (class 1259 OID 50134)
-- Name: rol_rol_nombre_48d13cf6_like; Type: INDEX; Schema: public; Owner: postgres
--

CREATE INDEX rol_rol_nombre_48d13cf6_like ON public.rol_rol USING btree (nombre varchar_pattern_ops);


--
-- TOC entry 3047 (class 1259 OID 50148)
-- Name: rol_rol_permisos_permiso_id_bedf62a8; Type: INDEX; Schema: public; Owner: postgres
--

CREATE INDEX rol_rol_permisos_permiso_id_bedf62a8 ON public.rol_rol_permisos USING btree (permiso_id);


--
-- TOC entry 3050 (class 1259 OID 50147)
-- Name: rol_rol_permisos_rol_id_0b04dd57; Type: INDEX; Schema: public; Owner: postgres
--

CREATE INDEX rol_rol_permisos_rol_id_0b04dd57 ON public.rol_rol_permisos USING btree (rol_id);


--
-- TOC entry 3124 (class 1259 OID 50422)
-- Name: sprint_sprint_proyecto_id_119395d9; Type: INDEX; Schema: public; Owner: postgres
--

CREATE INDEX sprint_sprint_proyecto_id_119395d9 ON public.sprint_sprint USING btree (proyecto_id);


--
-- TOC entry 3128 (class 1259 OID 50461)
-- Name: tipoUserStory_tipouserstory_flujos_flujo_id_0b349703; Type: INDEX; Schema: public; Owner: postgres
--

CREATE INDEX "tipoUserStory_tipouserstory_flujos_flujo_id_0b349703" ON public."tipoUserStory_tipouserstory_flujos" USING btree (flujo_id);


--
-- TOC entry 3131 (class 1259 OID 50460)
-- Name: tipoUserStory_tipouserstory_flujos_tipouserstory_id_a4c17589; Type: INDEX; Schema: public; Owner: postgres
--

CREATE INDEX "tipoUserStory_tipouserstory_flujos_tipouserstory_id_a4c17589" ON public."tipoUserStory_tipouserstory_flujos" USING btree (tipouserstory_id);


--
-- TOC entry 3127 (class 1259 OID 50447)
-- Name: tipoUserStory_tipouserstory_proyecto_id_b06b1ab8; Type: INDEX; Schema: public; Owner: postgres
--

CREATE INDEX "tipoUserStory_tipouserstory_proyecto_id_b06b1ab8" ON public."tipoUserStory_tipouserstory" USING btree (proyecto_id);


--
-- TOC entry 3152 (class 1259 OID 50596)
-- Name: userstory_actividad_us_id_e163dd84; Type: INDEX; Schema: public; Owner: postgres
--

CREATE INDEX userstory_actividad_us_id_e163dd84 ON public.userstory_actividad USING btree (us_id);


--
-- TOC entry 3153 (class 1259 OID 50597)
-- Name: userstory_actividad_usuario_id_71c0a10b; Type: INDEX; Schema: public; Owner: postgres
--

CREATE INDEX userstory_actividad_usuario_id_71c0a10b ON public.userstory_actividad USING btree (usuario_id);


--
-- TOC entry 3144 (class 1259 OID 50561)
-- Name: userstory_archivo_us_id_48105005; Type: INDEX; Schema: public; Owner: postgres
--

CREATE INDEX userstory_archivo_us_id_48105005 ON public.userstory_archivo USING btree (us_id);


--
-- TOC entry 3145 (class 1259 OID 50562)
-- Name: userstory_archivo_usuario_id_4e32718c; Type: INDEX; Schema: public; Owner: postgres
--

CREATE INDEX userstory_archivo_usuario_id_4e32718c ON public.userstory_archivo USING btree (usuario_id);


--
-- TOC entry 3148 (class 1259 OID 50573)
-- Name: userstory_nota_us_id_40ee4694; Type: INDEX; Schema: public; Owner: postgres
--

CREATE INDEX userstory_nota_us_id_40ee4694 ON public.userstory_nota USING btree (us_id);


--
-- TOC entry 3149 (class 1259 OID 50574)
-- Name: userstory_nota_usuario_id_759ca2be; Type: INDEX; Schema: public; Owner: postgres
--

CREATE INDEX userstory_nota_usuario_id_759ca2be ON public.userstory_nota USING btree (usuario_id);


--
-- TOC entry 3134 (class 1259 OID 50509)
-- Name: userstory_userstory_fase_id_e5347d9b; Type: INDEX; Schema: public; Owner: postgres
--

CREATE INDEX userstory_userstory_fase_id_e5347d9b ON public.userstory_userstory USING btree (fase_id);


--
-- TOC entry 3135 (class 1259 OID 50496)
-- Name: userstory_userstory_flujo_id_8a9cd71d; Type: INDEX; Schema: public; Owner: postgres
--

CREATE INDEX userstory_userstory_flujo_id_8a9cd71d ON public.userstory_userstory USING btree (flujo_id);


--
-- TOC entry 3138 (class 1259 OID 50487)
-- Name: userstory_userstory_proyecto_id_81fe69a3; Type: INDEX; Schema: public; Owner: postgres
--

CREATE INDEX userstory_userstory_proyecto_id_81fe69a3 ON public.userstory_userstory USING btree (proyecto_id);


--
-- TOC entry 3139 (class 1259 OID 50488)
-- Name: userstory_userstory_sprint_id_2b178521; Type: INDEX; Schema: public; Owner: postgres
--

CREATE INDEX userstory_userstory_sprint_id_2b178521 ON public.userstory_userstory USING btree (sprint_id);


--
-- TOC entry 3158 (class 1259 OID 60446)
-- Name: userstory_userstory_sprints_asignados_sprint_id_8c46152b; Type: INDEX; Schema: public; Owner: postgres
--

CREATE INDEX userstory_userstory_sprints_asignados_sprint_id_8c46152b ON public.userstory_userstory_sprints_asignados USING btree (sprint_id);


--
-- TOC entry 3159 (class 1259 OID 60445)
-- Name: userstory_userstory_sprints_asignados_userstory_id_1ae0dcd5; Type: INDEX; Schema: public; Owner: postgres
--

CREATE INDEX userstory_userstory_sprints_asignados_userstory_id_1ae0dcd5 ON public.userstory_userstory_sprints_asignados USING btree (userstory_id);


--
-- TOC entry 3140 (class 1259 OID 50489)
-- Name: userstory_userstory_team_member_id_43a7fd91; Type: INDEX; Schema: public; Owner: postgres
--

CREATE INDEX userstory_userstory_team_member_id_43a7fd91 ON public.userstory_userstory USING btree (team_member_id);


--
-- TOC entry 3141 (class 1259 OID 50502)
-- Name: userstory_userstory_tipo_us_id_e254c662; Type: INDEX; Schema: public; Owner: postgres
--

CREATE INDEX userstory_userstory_tipo_us_id_e254c662 ON public.userstory_userstory USING btree (tipo_us_id);


--
-- TOC entry 3078 (class 1259 OID 50259)
-- Name: usuarios_usuario_groups_group_id_e77f6dcf; Type: INDEX; Schema: public; Owner: postgres
--

CREATE INDEX usuarios_usuario_groups_group_id_e77f6dcf ON public.usuarios_usuario_groups USING btree (group_id);


--
-- TOC entry 3081 (class 1259 OID 50258)
-- Name: usuarios_usuario_groups_usuario_id_7a34077f; Type: INDEX; Schema: public; Owner: postgres
--

CREATE INDEX usuarios_usuario_groups_usuario_id_7a34077f ON public.usuarios_usuario_groups USING btree (usuario_id);


--
-- TOC entry 3084 (class 1259 OID 50273)
-- Name: usuarios_usuario_permisos_permiso_id_59046850; Type: INDEX; Schema: public; Owner: postgres
--

CREATE INDEX usuarios_usuario_permisos_permiso_id_59046850 ON public.usuarios_usuario_permisos USING btree (permiso_id);


--
-- TOC entry 3087 (class 1259 OID 50272)
-- Name: usuarios_usuario_permisos_usuario_id_e23dafe6; Type: INDEX; Schema: public; Owner: postgres
--

CREATE INDEX usuarios_usuario_permisos_usuario_id_e23dafe6 ON public.usuarios_usuario_permisos USING btree (usuario_id);


--
-- TOC entry 3092 (class 1259 OID 50287)
-- Name: usuarios_usuario_user_permissions_permission_id_4e5c0f2f; Type: INDEX; Schema: public; Owner: postgres
--

CREATE INDEX usuarios_usuario_user_permissions_permission_id_4e5c0f2f ON public.usuarios_usuario_user_permissions USING btree (permission_id);


--
-- TOC entry 3095 (class 1259 OID 50286)
-- Name: usuarios_usuario_user_permissions_usuario_id_60aeea80; Type: INDEX; Schema: public; Owner: postgres
--

CREATE INDEX usuarios_usuario_user_permissions_usuario_id_60aeea80 ON public.usuarios_usuario_user_permissions USING btree (usuario_id);


--
-- TOC entry 3075 (class 1259 OID 50245)
-- Name: usuarios_usuario_username_be9def2b_like; Type: INDEX; Schema: public; Owner: postgres
--

CREATE INDEX usuarios_usuario_username_be9def2b_like ON public.usuarios_usuario USING btree (username varchar_pattern_ops);


--
-- TOC entry 3164 (class 2606 OID 50199)
-- Name: auth_group_permissions auth_group_permissio_permission_id_84c5c92e_fk_auth_perm; Type: FK CONSTRAINT; Schema: public; Owner: postgres
--

ALTER TABLE ONLY public.auth_group_permissions
    ADD CONSTRAINT auth_group_permissio_permission_id_84c5c92e_fk_auth_perm FOREIGN KEY (permission_id) REFERENCES public.auth_permission(id) DEFERRABLE INITIALLY DEFERRED;


--
-- TOC entry 3163 (class 2606 OID 50194)
-- Name: auth_group_permissions auth_group_permissions_group_id_b120cbf9_fk_auth_group_id; Type: FK CONSTRAINT; Schema: public; Owner: postgres
--

ALTER TABLE ONLY public.auth_group_permissions
    ADD CONSTRAINT auth_group_permissions_group_id_b120cbf9_fk_auth_group_id FOREIGN KEY (group_id) REFERENCES public.auth_group(id) DEFERRABLE INITIALLY DEFERRED;


--
-- TOC entry 3162 (class 2606 OID 50185)
-- Name: auth_permission auth_permission_content_type_id_2f476e4b_fk_django_co; Type: FK CONSTRAINT; Schema: public; Owner: postgres
--

ALTER TABLE ONLY public.auth_permission
    ADD CONSTRAINT auth_permission_content_type_id_2f476e4b_fk_django_co FOREIGN KEY (content_type_id) REFERENCES public.django_content_type(id) DEFERRABLE INITIALLY DEFERRED;


--
-- TOC entry 3171 (class 2606 OID 50300)
-- Name: django_admin_log django_admin_log_content_type_id_c4bce8eb_fk_django_co; Type: FK CONSTRAINT; Schema: public; Owner: postgres
--

ALTER TABLE ONLY public.django_admin_log
    ADD CONSTRAINT django_admin_log_content_type_id_c4bce8eb_fk_django_co FOREIGN KEY (content_type_id) REFERENCES public.django_content_type(id) DEFERRABLE INITIALLY DEFERRED;


--
-- TOC entry 3172 (class 2606 OID 50305)
-- Name: django_admin_log django_admin_log_user_id_c564eba6_fk_usuarios_usuario_id; Type: FK CONSTRAINT; Schema: public; Owner: postgres
--

ALTER TABLE ONLY public.django_admin_log
    ADD CONSTRAINT django_admin_log_user_id_c564eba6_fk_usuarios_usuario_id FOREIGN KEY (user_id) REFERENCES public.usuarios_usuario(id) DEFERRABLE INITIALLY DEFERRED;


--
-- TOC entry 3176 (class 2606 OID 50383)
-- Name: flujo_fase flujo_fase_flujo_id_d39dd2e5_fk_flujo_flujo_id; Type: FK CONSTRAINT; Schema: public; Owner: postgres
--

ALTER TABLE ONLY public.flujo_fase
    ADD CONSTRAINT flujo_fase_flujo_id_d39dd2e5_fk_flujo_flujo_id FOREIGN KEY (flujo_id) REFERENCES public.flujo_flujo(id) DEFERRABLE INITIALLY DEFERRED;


--
-- TOC entry 3177 (class 2606 OID 50377)
-- Name: flujo_flujo flujo_flujo_proyecto_id_48fd0611_fk_proyecto_proyecto_id; Type: FK CONSTRAINT; Schema: public; Owner: postgres
--

ALTER TABLE ONLY public.flujo_flujo
    ADD CONSTRAINT flujo_flujo_proyecto_id_48fd0611_fk_proyecto_proyecto_id FOREIGN KEY (proyecto_id) REFERENCES public.proyecto_proyecto(id) DEFERRABLE INITIALLY DEFERRED;


--
-- TOC entry 3173 (class 2606 OID 50345)
-- Name: proyecto_teammember proyecto_teammember_proyecto_id_e429383f_fk_proyecto_; Type: FK CONSTRAINT; Schema: public; Owner: postgres
--

ALTER TABLE ONLY public.proyecto_teammember
    ADD CONSTRAINT proyecto_teammember_proyecto_id_e429383f_fk_proyecto_ FOREIGN KEY (proyecto_id) REFERENCES public.proyecto_proyecto(id) DEFERRABLE INITIALLY DEFERRED;


--
-- TOC entry 3174 (class 2606 OID 50350)
-- Name: proyecto_teammember proyecto_teammember_rol_id_bf8bd91a_fk_rol_rol_id; Type: FK CONSTRAINT; Schema: public; Owner: postgres
--

ALTER TABLE ONLY public.proyecto_teammember
    ADD CONSTRAINT proyecto_teammember_rol_id_bf8bd91a_fk_rol_rol_id FOREIGN KEY (rol_id) REFERENCES public.rol_rol(id) DEFERRABLE INITIALLY DEFERRED;


--
-- TOC entry 3175 (class 2606 OID 50389)
-- Name: proyecto_teammember proyecto_teammember_usuario_id_2c9f2c76_fk_usuarios_usuario_id; Type: FK CONSTRAINT; Schema: public; Owner: postgres
--

ALTER TABLE ONLY public.proyecto_teammember
    ADD CONSTRAINT proyecto_teammember_usuario_id_2c9f2c76_fk_usuarios_usuario_id FOREIGN KEY (usuario_id) REFERENCES public.usuarios_usuario(id) DEFERRABLE INITIALLY DEFERRED;


--
-- TOC entry 3161 (class 2606 OID 50140)
-- Name: rol_rol_permisos rol_rol_permisos_permiso_id_bedf62a8_fk_rol_permiso_id; Type: FK CONSTRAINT; Schema: public; Owner: postgres
--

ALTER TABLE ONLY public.rol_rol_permisos
    ADD CONSTRAINT rol_rol_permisos_permiso_id_bedf62a8_fk_rol_permiso_id FOREIGN KEY (permiso_id) REFERENCES public.rol_permiso(id) DEFERRABLE INITIALLY DEFERRED;


--
-- TOC entry 3160 (class 2606 OID 50135)
-- Name: rol_rol_permisos rol_rol_permisos_rol_id_0b04dd57_fk_rol_rol_id; Type: FK CONSTRAINT; Schema: public; Owner: postgres
--

ALTER TABLE ONLY public.rol_rol_permisos
    ADD CONSTRAINT rol_rol_permisos_rol_id_0b04dd57_fk_rol_rol_id FOREIGN KEY (rol_id) REFERENCES public.rol_rol(id) DEFERRABLE INITIALLY DEFERRED;


--
-- TOC entry 3178 (class 2606 OID 50417)
-- Name: sprint_sprint sprint_sprint_proyecto_id_119395d9_fk_proyecto_proyecto_id; Type: FK CONSTRAINT; Schema: public; Owner: postgres
--

ALTER TABLE ONLY public.sprint_sprint
    ADD CONSTRAINT sprint_sprint_proyecto_id_119395d9_fk_proyecto_proyecto_id FOREIGN KEY (proyecto_id) REFERENCES public.proyecto_proyecto(id) DEFERRABLE INITIALLY DEFERRED;


--
-- TOC entry 3181 (class 2606 OID 50453)
-- Name: tipoUserStory_tipouserstory_flujos tipoUserStory_tipous_flujo_id_0b349703_fk_flujo_flu; Type: FK CONSTRAINT; Schema: public; Owner: postgres
--

ALTER TABLE ONLY public."tipoUserStory_tipouserstory_flujos"
    ADD CONSTRAINT "tipoUserStory_tipous_flujo_id_0b349703_fk_flujo_flu" FOREIGN KEY (flujo_id) REFERENCES public.flujo_flujo(id) DEFERRABLE INITIALLY DEFERRED;


--
-- TOC entry 3179 (class 2606 OID 50442)
-- Name: tipoUserStory_tipouserstory tipoUserStory_tipous_proyecto_id_b06b1ab8_fk_proyecto_; Type: FK CONSTRAINT; Schema: public; Owner: postgres
--

ALTER TABLE ONLY public."tipoUserStory_tipouserstory"
    ADD CONSTRAINT "tipoUserStory_tipous_proyecto_id_b06b1ab8_fk_proyecto_" FOREIGN KEY (proyecto_id) REFERENCES public.proyecto_proyecto(id) DEFERRABLE INITIALLY DEFERRED;


--
-- TOC entry 3180 (class 2606 OID 50448)
-- Name: tipoUserStory_tipouserstory_flujos tipoUserStory_tipous_tipouserstory_id_a4c17589_fk_tipoUserS; Type: FK CONSTRAINT; Schema: public; Owner: postgres
--

ALTER TABLE ONLY public."tipoUserStory_tipouserstory_flujos"
    ADD CONSTRAINT "tipoUserStory_tipous_tipouserstory_id_a4c17589_fk_tipoUserS" FOREIGN KEY (tipouserstory_id) REFERENCES public."tipoUserStory_tipouserstory"(id) DEFERRABLE INITIALLY DEFERRED;


--
-- TOC entry 3192 (class 2606 OID 50586)
-- Name: userstory_actividad userstory_actividad_us_id_e163dd84_fk_userstory_userstory_id; Type: FK CONSTRAINT; Schema: public; Owner: postgres
--

ALTER TABLE ONLY public.userstory_actividad
    ADD CONSTRAINT userstory_actividad_us_id_e163dd84_fk_userstory_userstory_id FOREIGN KEY (us_id) REFERENCES public.userstory_userstory(id) DEFERRABLE INITIALLY DEFERRED;


--
-- TOC entry 3193 (class 2606 OID 50591)
-- Name: userstory_actividad userstory_actividad_usuario_id_71c0a10b_fk_usuarios_usuario_id; Type: FK CONSTRAINT; Schema: public; Owner: postgres
--

ALTER TABLE ONLY public.userstory_actividad
    ADD CONSTRAINT userstory_actividad_usuario_id_71c0a10b_fk_usuarios_usuario_id FOREIGN KEY (usuario_id) REFERENCES public.usuarios_usuario(id) DEFERRABLE INITIALLY DEFERRED;


--
-- TOC entry 3188 (class 2606 OID 50551)
-- Name: userstory_archivo userstory_archivo_us_id_48105005_fk_userstory_userstory_id; Type: FK CONSTRAINT; Schema: public; Owner: postgres
--

ALTER TABLE ONLY public.userstory_archivo
    ADD CONSTRAINT userstory_archivo_us_id_48105005_fk_userstory_userstory_id FOREIGN KEY (us_id) REFERENCES public.userstory_userstory(id) DEFERRABLE INITIALLY DEFERRED;


--
-- TOC entry 3189 (class 2606 OID 50556)
-- Name: userstory_archivo userstory_archivo_usuario_id_4e32718c_fk_usuarios_usuario_id; Type: FK CONSTRAINT; Schema: public; Owner: postgres
--

ALTER TABLE ONLY public.userstory_archivo
    ADD CONSTRAINT userstory_archivo_usuario_id_4e32718c_fk_usuarios_usuario_id FOREIGN KEY (usuario_id) REFERENCES public.usuarios_usuario(id) DEFERRABLE INITIALLY DEFERRED;


--
-- TOC entry 3190 (class 2606 OID 50563)
-- Name: userstory_nota userstory_nota_us_id_40ee4694_fk_userstory_userstory_id; Type: FK CONSTRAINT; Schema: public; Owner: postgres
--

ALTER TABLE ONLY public.userstory_nota
    ADD CONSTRAINT userstory_nota_us_id_40ee4694_fk_userstory_userstory_id FOREIGN KEY (us_id) REFERENCES public.userstory_userstory(id) DEFERRABLE INITIALLY DEFERRED;


--
-- TOC entry 3191 (class 2606 OID 50568)
-- Name: userstory_nota userstory_nota_usuario_id_759ca2be_fk_usuarios_usuario_id; Type: FK CONSTRAINT; Schema: public; Owner: postgres
--

ALTER TABLE ONLY public.userstory_nota
    ADD CONSTRAINT userstory_nota_usuario_id_759ca2be_fk_usuarios_usuario_id FOREIGN KEY (usuario_id) REFERENCES public.usuarios_usuario(id) DEFERRABLE INITIALLY DEFERRED;


--
-- TOC entry 3195 (class 2606 OID 60438)
-- Name: userstory_userstory_sprints_asignados userstory_userstory__sprint_id_8c46152b_fk_sprint_sp; Type: FK CONSTRAINT; Schema: public; Owner: postgres
--

ALTER TABLE ONLY public.userstory_userstory_sprints_asignados
    ADD CONSTRAINT userstory_userstory__sprint_id_8c46152b_fk_sprint_sp FOREIGN KEY (sprint_id) REFERENCES public.sprint_sprint(id) DEFERRABLE INITIALLY DEFERRED;


--
-- TOC entry 3194 (class 2606 OID 60433)
-- Name: userstory_userstory_sprints_asignados userstory_userstory__userstory_id_1ae0dcd5_fk_userstory; Type: FK CONSTRAINT; Schema: public; Owner: postgres
--

ALTER TABLE ONLY public.userstory_userstory_sprints_asignados
    ADD CONSTRAINT userstory_userstory__userstory_id_1ae0dcd5_fk_userstory FOREIGN KEY (userstory_id) REFERENCES public.userstory_userstory(id) DEFERRABLE INITIALLY DEFERRED;


--
-- TOC entry 3183 (class 2606 OID 60376)
-- Name: userstory_userstory userstory_userstory_fase_id_e5347d9b_fk_flujo_fase_id; Type: FK CONSTRAINT; Schema: public; Owner: postgres
--

ALTER TABLE ONLY public.userstory_userstory
    ADD CONSTRAINT userstory_userstory_fase_id_e5347d9b_fk_flujo_fase_id FOREIGN KEY (fase_id) REFERENCES public.flujo_fase(id) DEFERRABLE INITIALLY DEFERRED;


--
-- TOC entry 3184 (class 2606 OID 60381)
-- Name: userstory_userstory userstory_userstory_flujo_id_8a9cd71d_fk_flujo_flujo_id; Type: FK CONSTRAINT; Schema: public; Owner: postgres
--

ALTER TABLE ONLY public.userstory_userstory
    ADD CONSTRAINT userstory_userstory_flujo_id_8a9cd71d_fk_flujo_flujo_id FOREIGN KEY (flujo_id) REFERENCES public.flujo_flujo(id) DEFERRABLE INITIALLY DEFERRED;


--
-- TOC entry 3185 (class 2606 OID 60386)
-- Name: userstory_userstory userstory_userstory_proyecto_id_81fe69a3_fk_proyecto_; Type: FK CONSTRAINT; Schema: public; Owner: postgres
--

ALTER TABLE ONLY public.userstory_userstory
    ADD CONSTRAINT userstory_userstory_proyecto_id_81fe69a3_fk_proyecto_ FOREIGN KEY (proyecto_id) REFERENCES public.proyecto_proyecto(id) DEFERRABLE INITIALLY DEFERRED;


--
-- TOC entry 3182 (class 2606 OID 50482)
-- Name: userstory_userstory userstory_userstory_sprint_id_2b178521_fk_sprint_sprint_id; Type: FK CONSTRAINT; Schema: public; Owner: postgres
--

ALTER TABLE ONLY public.userstory_userstory
    ADD CONSTRAINT userstory_userstory_sprint_id_2b178521_fk_sprint_sprint_id FOREIGN KEY (sprint_id) REFERENCES public.sprint_sprint(id) DEFERRABLE INITIALLY DEFERRED;


--
-- TOC entry 3186 (class 2606 OID 60391)
-- Name: userstory_userstory userstory_userstory_team_member_id_43a7fd91_fk_usuarios_; Type: FK CONSTRAINT; Schema: public; Owner: postgres
--

ALTER TABLE ONLY public.userstory_userstory
    ADD CONSTRAINT userstory_userstory_team_member_id_43a7fd91_fk_usuarios_ FOREIGN KEY (team_member_id) REFERENCES public.usuarios_usuario(id) DEFERRABLE INITIALLY DEFERRED;


--
-- TOC entry 3187 (class 2606 OID 60396)
-- Name: userstory_userstory userstory_userstory_tipo_us_id_e254c662_fk_tipoUserS; Type: FK CONSTRAINT; Schema: public; Owner: postgres
--

ALTER TABLE ONLY public.userstory_userstory
    ADD CONSTRAINT "userstory_userstory_tipo_us_id_e254c662_fk_tipoUserS" FOREIGN KEY (tipo_us_id) REFERENCES public."tipoUserStory_tipouserstory"(id) DEFERRABLE INITIALLY DEFERRED;


--
-- TOC entry 3165 (class 2606 OID 50246)
-- Name: usuarios_usuario_groups usuarios_usuario_gro_usuario_id_7a34077f_fk_usuarios_; Type: FK CONSTRAINT; Schema: public; Owner: postgres
--

ALTER TABLE ONLY public.usuarios_usuario_groups
    ADD CONSTRAINT usuarios_usuario_gro_usuario_id_7a34077f_fk_usuarios_ FOREIGN KEY (usuario_id) REFERENCES public.usuarios_usuario(id) DEFERRABLE INITIALLY DEFERRED;


--
-- TOC entry 3166 (class 2606 OID 50251)
-- Name: usuarios_usuario_groups usuarios_usuario_groups_group_id_e77f6dcf_fk_auth_group_id; Type: FK CONSTRAINT; Schema: public; Owner: postgres
--

ALTER TABLE ONLY public.usuarios_usuario_groups
    ADD CONSTRAINT usuarios_usuario_groups_group_id_e77f6dcf_fk_auth_group_id FOREIGN KEY (group_id) REFERENCES public.auth_group(id) DEFERRABLE INITIALLY DEFERRED;


--
-- TOC entry 3167 (class 2606 OID 50260)
-- Name: usuarios_usuario_permisos usuarios_usuario_per_usuario_id_e23dafe6_fk_usuarios_; Type: FK CONSTRAINT; Schema: public; Owner: postgres
--

ALTER TABLE ONLY public.usuarios_usuario_permisos
    ADD CONSTRAINT usuarios_usuario_per_usuario_id_e23dafe6_fk_usuarios_ FOREIGN KEY (usuario_id) REFERENCES public.usuarios_usuario(id) DEFERRABLE INITIALLY DEFERRED;


--
-- TOC entry 3168 (class 2606 OID 50265)
-- Name: usuarios_usuario_permisos usuarios_usuario_permisos_permiso_id_59046850_fk_rol_permiso_id; Type: FK CONSTRAINT; Schema: public; Owner: postgres
--

ALTER TABLE ONLY public.usuarios_usuario_permisos
    ADD CONSTRAINT usuarios_usuario_permisos_permiso_id_59046850_fk_rol_permiso_id FOREIGN KEY (permiso_id) REFERENCES public.rol_permiso(id) DEFERRABLE INITIALLY DEFERRED;


--
-- TOC entry 3170 (class 2606 OID 50279)
-- Name: usuarios_usuario_user_permissions usuarios_usuario_use_permission_id_4e5c0f2f_fk_auth_perm; Type: FK CONSTRAINT; Schema: public; Owner: postgres
--

ALTER TABLE ONLY public.usuarios_usuario_user_permissions
    ADD CONSTRAINT usuarios_usuario_use_permission_id_4e5c0f2f_fk_auth_perm FOREIGN KEY (permission_id) REFERENCES public.auth_permission(id) DEFERRABLE INITIALLY DEFERRED;


--
-- TOC entry 3169 (class 2606 OID 50274)
-- Name: usuarios_usuario_user_permissions usuarios_usuario_use_usuario_id_60aeea80_fk_usuarios_; Type: FK CONSTRAINT; Schema: public; Owner: postgres
--

ALTER TABLE ONLY public.usuarios_usuario_user_permissions
    ADD CONSTRAINT usuarios_usuario_use_usuario_id_60aeea80_fk_usuarios_ FOREIGN KEY (usuario_id) REFERENCES public.usuarios_usuario(id) DEFERRABLE INITIALLY DEFERRED;


-- Completed on 2019-05-14 11:59:01 -04

--
-- PostgreSQL database dump complete
--

