--
-- PostgreSQL database dump
--

-- Dumped from database version 11.2 (Ubuntu 11.2-1.pgdg18.04+1)
-- Dumped by pg_dump version 11.2 (Ubuntu 11.2-1.pgdg18.04+1)

-- Started on 2019-05-14 13:27:39 -04

SET statement_timeout = 0;
SET lock_timeout = 0;
SET idle_in_transaction_session_timeout = 0;
SET client_encoding = 'UTF8';
SET standard_conforming_strings = on;
SELECT pg_catalog.set_config('search_path', '', false);
SET check_function_bodies = false;
SET client_min_messages = warning;
SET row_security = off;

SET default_tablespace = '';

SET default_with_oids = false;

--
-- TOC entry 209 (class 1259 OID 50740)
-- Name: auth_group; Type: TABLE; Schema: public; Owner: postgres
--

CREATE TABLE public.auth_group (
    id integer NOT NULL,
    name character varying(80) NOT NULL
);


ALTER TABLE public.auth_group OWNER TO postgres;

--
-- TOC entry 208 (class 1259 OID 50738)
-- Name: auth_group_id_seq; Type: SEQUENCE; Schema: public; Owner: postgres
--

CREATE SEQUENCE public.auth_group_id_seq
    AS integer
    START WITH 1
    INCREMENT BY 1
    NO MINVALUE
    NO MAXVALUE
    CACHE 1;


ALTER TABLE public.auth_group_id_seq OWNER TO postgres;

--
-- TOC entry 3358 (class 0 OID 0)
-- Dependencies: 208
-- Name: auth_group_id_seq; Type: SEQUENCE OWNED BY; Schema: public; Owner: postgres
--

ALTER SEQUENCE public.auth_group_id_seq OWNED BY public.auth_group.id;


--
-- TOC entry 211 (class 1259 OID 50750)
-- Name: auth_group_permissions; Type: TABLE; Schema: public; Owner: postgres
--

CREATE TABLE public.auth_group_permissions (
    id integer NOT NULL,
    group_id integer NOT NULL,
    permission_id integer NOT NULL
);


ALTER TABLE public.auth_group_permissions OWNER TO postgres;

--
-- TOC entry 210 (class 1259 OID 50748)
-- Name: auth_group_permissions_id_seq; Type: SEQUENCE; Schema: public; Owner: postgres
--

CREATE SEQUENCE public.auth_group_permissions_id_seq
    AS integer
    START WITH 1
    INCREMENT BY 1
    NO MINVALUE
    NO MAXVALUE
    CACHE 1;


ALTER TABLE public.auth_group_permissions_id_seq OWNER TO postgres;

--
-- TOC entry 3359 (class 0 OID 0)
-- Dependencies: 210
-- Name: auth_group_permissions_id_seq; Type: SEQUENCE OWNED BY; Schema: public; Owner: postgres
--

ALTER SEQUENCE public.auth_group_permissions_id_seq OWNED BY public.auth_group_permissions.id;


--
-- TOC entry 207 (class 1259 OID 50732)
-- Name: auth_permission; Type: TABLE; Schema: public; Owner: postgres
--

CREATE TABLE public.auth_permission (
    id integer NOT NULL,
    name character varying(255) NOT NULL,
    content_type_id integer NOT NULL,
    codename character varying(100) NOT NULL
);


ALTER TABLE public.auth_permission OWNER TO postgres;

--
-- TOC entry 206 (class 1259 OID 50730)
-- Name: auth_permission_id_seq; Type: SEQUENCE; Schema: public; Owner: postgres
--

CREATE SEQUENCE public.auth_permission_id_seq
    AS integer
    START WITH 1
    INCREMENT BY 1
    NO MINVALUE
    NO MAXVALUE
    CACHE 1;


ALTER TABLE public.auth_permission_id_seq OWNER TO postgres;

--
-- TOC entry 3360 (class 0 OID 0)
-- Dependencies: 206
-- Name: auth_permission_id_seq; Type: SEQUENCE OWNED BY; Schema: public; Owner: postgres
--

ALTER SEQUENCE public.auth_permission_id_seq OWNED BY public.auth_permission.id;


--
-- TOC entry 223 (class 1259 OID 50885)
-- Name: clientes_cliente; Type: TABLE; Schema: public; Owner: postgres
--

CREATE TABLE public.clientes_cliente (
    id integer NOT NULL,
    nombre character varying(100) NOT NULL,
    descripcion text,
    direccion character varying(200),
    ruc character varying(50),
    telefono character varying(30) NOT NULL
);


ALTER TABLE public.clientes_cliente OWNER TO postgres;

--
-- TOC entry 222 (class 1259 OID 50883)
-- Name: clientes_cliente_id_seq; Type: SEQUENCE; Schema: public; Owner: postgres
--

CREATE SEQUENCE public.clientes_cliente_id_seq
    AS integer
    START WITH 1
    INCREMENT BY 1
    NO MINVALUE
    NO MAXVALUE
    CACHE 1;


ALTER TABLE public.clientes_cliente_id_seq OWNER TO postgres;

--
-- TOC entry 3361 (class 0 OID 0)
-- Dependencies: 222
-- Name: clientes_cliente_id_seq; Type: SEQUENCE OWNED BY; Schema: public; Owner: postgres
--

ALTER SEQUENCE public.clientes_cliente_id_seq OWNED BY public.clientes_cliente.id;


--
-- TOC entry 221 (class 1259 OID 50861)
-- Name: django_admin_log; Type: TABLE; Schema: public; Owner: postgres
--

CREATE TABLE public.django_admin_log (
    id integer NOT NULL,
    action_time timestamp with time zone NOT NULL,
    object_id text,
    object_repr character varying(200) NOT NULL,
    action_flag smallint NOT NULL,
    change_message text NOT NULL,
    content_type_id integer,
    user_id integer NOT NULL,
    CONSTRAINT django_admin_log_action_flag_check CHECK ((action_flag >= 0))
);


ALTER TABLE public.django_admin_log OWNER TO postgres;

--
-- TOC entry 220 (class 1259 OID 50859)
-- Name: django_admin_log_id_seq; Type: SEQUENCE; Schema: public; Owner: postgres
--

CREATE SEQUENCE public.django_admin_log_id_seq
    AS integer
    START WITH 1
    INCREMENT BY 1
    NO MINVALUE
    NO MAXVALUE
    CACHE 1;


ALTER TABLE public.django_admin_log_id_seq OWNER TO postgres;

--
-- TOC entry 3362 (class 0 OID 0)
-- Dependencies: 220
-- Name: django_admin_log_id_seq; Type: SEQUENCE OWNED BY; Schema: public; Owner: postgres
--

ALTER SEQUENCE public.django_admin_log_id_seq OWNED BY public.django_admin_log.id;


--
-- TOC entry 205 (class 1259 OID 50722)
-- Name: django_content_type; Type: TABLE; Schema: public; Owner: postgres
--

CREATE TABLE public.django_content_type (
    id integer NOT NULL,
    app_label character varying(100) NOT NULL,
    model character varying(100) NOT NULL
);


ALTER TABLE public.django_content_type OWNER TO postgres;

--
-- TOC entry 204 (class 1259 OID 50720)
-- Name: django_content_type_id_seq; Type: SEQUENCE; Schema: public; Owner: postgres
--

CREATE SEQUENCE public.django_content_type_id_seq
    AS integer
    START WITH 1
    INCREMENT BY 1
    NO MINVALUE
    NO MAXVALUE
    CACHE 1;


ALTER TABLE public.django_content_type_id_seq OWNER TO postgres;

--
-- TOC entry 3363 (class 0 OID 0)
-- Dependencies: 204
-- Name: django_content_type_id_seq; Type: SEQUENCE OWNED BY; Schema: public; Owner: postgres
--

ALTER SEQUENCE public.django_content_type_id_seq OWNED BY public.django_content_type.id;


--
-- TOC entry 197 (class 1259 OID 50670)
-- Name: django_migrations; Type: TABLE; Schema: public; Owner: postgres
--

CREATE TABLE public.django_migrations (
    id integer NOT NULL,
    app character varying(255) NOT NULL,
    name character varying(255) NOT NULL,
    applied timestamp with time zone NOT NULL
);


ALTER TABLE public.django_migrations OWNER TO postgres;

--
-- TOC entry 196 (class 1259 OID 50668)
-- Name: django_migrations_id_seq; Type: SEQUENCE; Schema: public; Owner: postgres
--

CREATE SEQUENCE public.django_migrations_id_seq
    AS integer
    START WITH 1
    INCREMENT BY 1
    NO MINVALUE
    NO MAXVALUE
    CACHE 1;


ALTER TABLE public.django_migrations_id_seq OWNER TO postgres;

--
-- TOC entry 3364 (class 0 OID 0)
-- Dependencies: 196
-- Name: django_migrations_id_seq; Type: SEQUENCE OWNED BY; Schema: public; Owner: postgres
--

ALTER SEQUENCE public.django_migrations_id_seq OWNED BY public.django_migrations.id;


--
-- TOC entry 232 (class 1259 OID 50970)
-- Name: django_session; Type: TABLE; Schema: public; Owner: postgres
--

CREATE TABLE public.django_session (
    session_key character varying(40) NOT NULL,
    session_data text NOT NULL,
    expire_date timestamp with time zone NOT NULL
);


ALTER TABLE public.django_session OWNER TO postgres;

--
-- TOC entry 229 (class 1259 OID 50930)
-- Name: flujo_fase; Type: TABLE; Schema: public; Owner: postgres
--

CREATE TABLE public.flujo_fase (
    id integer NOT NULL,
    nombre character varying(20) NOT NULL,
    flujo_id integer NOT NULL
);


ALTER TABLE public.flujo_fase OWNER TO postgres;

--
-- TOC entry 228 (class 1259 OID 50928)
-- Name: flujo_fase_id_seq; Type: SEQUENCE; Schema: public; Owner: postgres
--

CREATE SEQUENCE public.flujo_fase_id_seq
    AS integer
    START WITH 1
    INCREMENT BY 1
    NO MINVALUE
    NO MAXVALUE
    CACHE 1;


ALTER TABLE public.flujo_fase_id_seq OWNER TO postgres;

--
-- TOC entry 3365 (class 0 OID 0)
-- Dependencies: 228
-- Name: flujo_fase_id_seq; Type: SEQUENCE OWNED BY; Schema: public; Owner: postgres
--

ALTER SEQUENCE public.flujo_fase_id_seq OWNED BY public.flujo_fase.id;


--
-- TOC entry 231 (class 1259 OID 50938)
-- Name: flujo_flujo; Type: TABLE; Schema: public; Owner: postgres
--

CREATE TABLE public.flujo_flujo (
    id integer NOT NULL,
    nombre character varying(20) NOT NULL,
    descripcion text,
    proyecto_id integer NOT NULL
);


ALTER TABLE public.flujo_flujo OWNER TO postgres;

--
-- TOC entry 230 (class 1259 OID 50936)
-- Name: flujo_flujo_id_seq; Type: SEQUENCE; Schema: public; Owner: postgres
--

CREATE SEQUENCE public.flujo_flujo_id_seq
    AS integer
    START WITH 1
    INCREMENT BY 1
    NO MINVALUE
    NO MAXVALUE
    CACHE 1;


ALTER TABLE public.flujo_flujo_id_seq OWNER TO postgres;

--
-- TOC entry 3366 (class 0 OID 0)
-- Dependencies: 230
-- Name: flujo_flujo_id_seq; Type: SEQUENCE OWNED BY; Schema: public; Owner: postgres
--

ALTER SEQUENCE public.flujo_flujo_id_seq OWNED BY public.flujo_flujo.id;


--
-- TOC entry 225 (class 1259 OID 50899)
-- Name: proyecto_proyecto; Type: TABLE; Schema: public; Owner: postgres
--

CREATE TABLE public.proyecto_proyecto (
    id integer NOT NULL,
    nombre character varying(20) NOT NULL,
    fecha_inicio date,
    fecha_fin date,
    estado character varying(25) NOT NULL,
    descripcion text,
    fecha_ini_estimada date NOT NULL,
    fecha_fin_estimada date NOT NULL
);


ALTER TABLE public.proyecto_proyecto OWNER TO postgres;

--
-- TOC entry 224 (class 1259 OID 50897)
-- Name: proyecto_proyecto_id_seq; Type: SEQUENCE; Schema: public; Owner: postgres
--

CREATE SEQUENCE public.proyecto_proyecto_id_seq
    AS integer
    START WITH 1
    INCREMENT BY 1
    NO MINVALUE
    NO MAXVALUE
    CACHE 1;


ALTER TABLE public.proyecto_proyecto_id_seq OWNER TO postgres;

--
-- TOC entry 3367 (class 0 OID 0)
-- Dependencies: 224
-- Name: proyecto_proyecto_id_seq; Type: SEQUENCE OWNED BY; Schema: public; Owner: postgres
--

ALTER SEQUENCE public.proyecto_proyecto_id_seq OWNED BY public.proyecto_proyecto.id;


--
-- TOC entry 227 (class 1259 OID 50910)
-- Name: proyecto_teammember; Type: TABLE; Schema: public; Owner: postgres
--

CREATE TABLE public.proyecto_teammember (
    id integer NOT NULL,
    proyecto_id integer NOT NULL,
    rol_id integer NOT NULL,
    usuario_id integer NOT NULL
);


ALTER TABLE public.proyecto_teammember OWNER TO postgres;

--
-- TOC entry 226 (class 1259 OID 50908)
-- Name: proyecto_teammember_id_seq; Type: SEQUENCE; Schema: public; Owner: postgres
--

CREATE SEQUENCE public.proyecto_teammember_id_seq
    AS integer
    START WITH 1
    INCREMENT BY 1
    NO MINVALUE
    NO MAXVALUE
    CACHE 1;


ALTER TABLE public.proyecto_teammember_id_seq OWNER TO postgres;

--
-- TOC entry 3368 (class 0 OID 0)
-- Dependencies: 226
-- Name: proyecto_teammember_id_seq; Type: SEQUENCE OWNED BY; Schema: public; Owner: postgres
--

ALTER SEQUENCE public.proyecto_teammember_id_seq OWNED BY public.proyecto_teammember.id;


--
-- TOC entry 199 (class 1259 OID 50681)
-- Name: rol_permiso; Type: TABLE; Schema: public; Owner: postgres
--

CREATE TABLE public.rol_permiso (
    id integer NOT NULL,
    nombre character varying(70) NOT NULL,
    tipo integer NOT NULL
);


ALTER TABLE public.rol_permiso OWNER TO postgres;

--
-- TOC entry 198 (class 1259 OID 50679)
-- Name: rol_permiso_id_seq; Type: SEQUENCE; Schema: public; Owner: postgres
--

CREATE SEQUENCE public.rol_permiso_id_seq
    AS integer
    START WITH 1
    INCREMENT BY 1
    NO MINVALUE
    NO MAXVALUE
    CACHE 1;


ALTER TABLE public.rol_permiso_id_seq OWNER TO postgres;

--
-- TOC entry 3369 (class 0 OID 0)
-- Dependencies: 198
-- Name: rol_permiso_id_seq; Type: SEQUENCE OWNED BY; Schema: public; Owner: postgres
--

ALTER SEQUENCE public.rol_permiso_id_seq OWNED BY public.rol_permiso.id;


--
-- TOC entry 201 (class 1259 OID 50689)
-- Name: rol_rol; Type: TABLE; Schema: public; Owner: postgres
--

CREATE TABLE public.rol_rol (
    id integer NOT NULL,
    nombre character varying(50) NOT NULL,
    descripcion text
);


ALTER TABLE public.rol_rol OWNER TO postgres;

--
-- TOC entry 200 (class 1259 OID 50687)
-- Name: rol_rol_id_seq; Type: SEQUENCE; Schema: public; Owner: postgres
--

CREATE SEQUENCE public.rol_rol_id_seq
    AS integer
    START WITH 1
    INCREMENT BY 1
    NO MINVALUE
    NO MAXVALUE
    CACHE 1;


ALTER TABLE public.rol_rol_id_seq OWNER TO postgres;

--
-- TOC entry 3370 (class 0 OID 0)
-- Dependencies: 200
-- Name: rol_rol_id_seq; Type: SEQUENCE OWNED BY; Schema: public; Owner: postgres
--

ALTER SEQUENCE public.rol_rol_id_seq OWNED BY public.rol_rol.id;


--
-- TOC entry 203 (class 1259 OID 50699)
-- Name: rol_rol_permisos; Type: TABLE; Schema: public; Owner: postgres
--

CREATE TABLE public.rol_rol_permisos (
    id integer NOT NULL,
    rol_id integer NOT NULL,
    permiso_id integer NOT NULL
);


ALTER TABLE public.rol_rol_permisos OWNER TO postgres;

--
-- TOC entry 202 (class 1259 OID 50697)
-- Name: rol_rol_permisos_id_seq; Type: SEQUENCE; Schema: public; Owner: postgres
--

CREATE SEQUENCE public.rol_rol_permisos_id_seq
    AS integer
    START WITH 1
    INCREMENT BY 1
    NO MINVALUE
    NO MAXVALUE
    CACHE 1;


ALTER TABLE public.rol_rol_permisos_id_seq OWNER TO postgres;

--
-- TOC entry 3371 (class 0 OID 0)
-- Dependencies: 202
-- Name: rol_rol_permisos_id_seq; Type: SEQUENCE OWNED BY; Schema: public; Owner: postgres
--

ALTER SEQUENCE public.rol_rol_permisos_id_seq OWNED BY public.rol_rol_permisos.id;


--
-- TOC entry 234 (class 1259 OID 50982)
-- Name: sprint_sprint; Type: TABLE; Schema: public; Owner: postgres
--

CREATE TABLE public.sprint_sprint (
    id integer NOT NULL,
    nombre character varying(20) NOT NULL,
    fecha_inicio date,
    fecha_fin date,
    duracion interval,
    estado character varying(25) NOT NULL,
    proyecto_id integer,
    fecha_fin_estimada date NOT NULL,
    fecha_ini_estimada date NOT NULL
);


ALTER TABLE public.sprint_sprint OWNER TO postgres;

--
-- TOC entry 233 (class 1259 OID 50980)
-- Name: sprint_sprint_id_seq; Type: SEQUENCE; Schema: public; Owner: postgres
--

CREATE SEQUENCE public.sprint_sprint_id_seq
    AS integer
    START WITH 1
    INCREMENT BY 1
    NO MINVALUE
    NO MAXVALUE
    CACHE 1;


ALTER TABLE public.sprint_sprint_id_seq OWNER TO postgres;

--
-- TOC entry 3372 (class 0 OID 0)
-- Dependencies: 233
-- Name: sprint_sprint_id_seq; Type: SEQUENCE OWNED BY; Schema: public; Owner: postgres
--

ALTER SEQUENCE public.sprint_sprint_id_seq OWNED BY public.sprint_sprint.id;


--
-- TOC entry 236 (class 1259 OID 50996)
-- Name: tipoUserStory_tipouserstory; Type: TABLE; Schema: public; Owner: postgres
--

CREATE TABLE public."tipoUserStory_tipouserstory" (
    id integer NOT NULL,
    nombre character varying(20) NOT NULL,
    descripcion text,
    proyecto_id integer NOT NULL
);


ALTER TABLE public."tipoUserStory_tipouserstory" OWNER TO postgres;

--
-- TOC entry 238 (class 1259 OID 51007)
-- Name: tipoUserStory_tipouserstory_flujos; Type: TABLE; Schema: public; Owner: postgres
--

CREATE TABLE public."tipoUserStory_tipouserstory_flujos" (
    id integer NOT NULL,
    tipouserstory_id integer NOT NULL,
    flujo_id integer NOT NULL
);


ALTER TABLE public."tipoUserStory_tipouserstory_flujos" OWNER TO postgres;

--
-- TOC entry 237 (class 1259 OID 51005)
-- Name: tipoUserStory_tipouserstory_flujos_id_seq; Type: SEQUENCE; Schema: public; Owner: postgres
--

CREATE SEQUENCE public."tipoUserStory_tipouserstory_flujos_id_seq"
    AS integer
    START WITH 1
    INCREMENT BY 1
    NO MINVALUE
    NO MAXVALUE
    CACHE 1;


ALTER TABLE public."tipoUserStory_tipouserstory_flujos_id_seq" OWNER TO postgres;

--
-- TOC entry 3373 (class 0 OID 0)
-- Dependencies: 237
-- Name: tipoUserStory_tipouserstory_flujos_id_seq; Type: SEQUENCE OWNED BY; Schema: public; Owner: postgres
--

ALTER SEQUENCE public."tipoUserStory_tipouserstory_flujos_id_seq" OWNED BY public."tipoUserStory_tipouserstory_flujos".id;


--
-- TOC entry 235 (class 1259 OID 50994)
-- Name: tipoUserStory_tipouserstory_id_seq; Type: SEQUENCE; Schema: public; Owner: postgres
--

CREATE SEQUENCE public."tipoUserStory_tipouserstory_id_seq"
    AS integer
    START WITH 1
    INCREMENT BY 1
    NO MINVALUE
    NO MAXVALUE
    CACHE 1;


ALTER TABLE public."tipoUserStory_tipouserstory_id_seq" OWNER TO postgres;

--
-- TOC entry 3374 (class 0 OID 0)
-- Dependencies: 235
-- Name: tipoUserStory_tipouserstory_id_seq; Type: SEQUENCE OWNED BY; Schema: public; Owner: postgres
--

ALTER SEQUENCE public."tipoUserStory_tipouserstory_id_seq" OWNED BY public."tipoUserStory_tipouserstory".id;


--
-- TOC entry 246 (class 1259 OID 51148)
-- Name: userstory_actividad; Type: TABLE; Schema: public; Owner: postgres
--

CREATE TABLE public.userstory_actividad (
    id integer NOT NULL,
    nombre character varying(20) NOT NULL,
    descripcion text NOT NULL,
    duracion time without time zone NOT NULL,
    fecha timestamp with time zone NOT NULL,
    us_id integer,
    usuario_id integer
);


ALTER TABLE public.userstory_actividad OWNER TO postgres;

--
-- TOC entry 245 (class 1259 OID 51146)
-- Name: userstory_actividad_id_seq; Type: SEQUENCE; Schema: public; Owner: postgres
--

CREATE SEQUENCE public.userstory_actividad_id_seq
    AS integer
    START WITH 1
    INCREMENT BY 1
    NO MINVALUE
    NO MAXVALUE
    CACHE 1;


ALTER TABLE public.userstory_actividad_id_seq OWNER TO postgres;

--
-- TOC entry 3375 (class 0 OID 0)
-- Dependencies: 245
-- Name: userstory_actividad_id_seq; Type: SEQUENCE OWNED BY; Schema: public; Owner: postgres
--

ALTER SEQUENCE public.userstory_actividad_id_seq OWNED BY public.userstory_actividad.id;


--
-- TOC entry 242 (class 1259 OID 51099)
-- Name: userstory_archivo; Type: TABLE; Schema: public; Owner: postgres
--

CREATE TABLE public.userstory_archivo (
    id integer NOT NULL,
    titulo character varying(255) NOT NULL,
    archivo character varying(100) NOT NULL,
    fecha timestamp with time zone NOT NULL,
    us_id integer,
    usuario_id integer
);


ALTER TABLE public.userstory_archivo OWNER TO postgres;

--
-- TOC entry 241 (class 1259 OID 51097)
-- Name: userstory_archivo_id_seq; Type: SEQUENCE; Schema: public; Owner: postgres
--

CREATE SEQUENCE public.userstory_archivo_id_seq
    AS integer
    START WITH 1
    INCREMENT BY 1
    NO MINVALUE
    NO MAXVALUE
    CACHE 1;


ALTER TABLE public.userstory_archivo_id_seq OWNER TO postgres;

--
-- TOC entry 3376 (class 0 OID 0)
-- Dependencies: 241
-- Name: userstory_archivo_id_seq; Type: SEQUENCE OWNED BY; Schema: public; Owner: postgres
--

ALTER SEQUENCE public.userstory_archivo_id_seq OWNED BY public.userstory_archivo.id;


--
-- TOC entry 244 (class 1259 OID 51107)
-- Name: userstory_nota; Type: TABLE; Schema: public; Owner: postgres
--

CREATE TABLE public.userstory_nota (
    id integer NOT NULL,
    nota text NOT NULL,
    fecha timestamp with time zone NOT NULL,
    us_id integer,
    usuario_id integer
);


ALTER TABLE public.userstory_nota OWNER TO postgres;

--
-- TOC entry 243 (class 1259 OID 51105)
-- Name: userstory_nota_id_seq; Type: SEQUENCE; Schema: public; Owner: postgres
--

CREATE SEQUENCE public.userstory_nota_id_seq
    AS integer
    START WITH 1
    INCREMENT BY 1
    NO MINVALUE
    NO MAXVALUE
    CACHE 1;


ALTER TABLE public.userstory_nota_id_seq OWNER TO postgres;

--
-- TOC entry 3377 (class 0 OID 0)
-- Dependencies: 243
-- Name: userstory_nota_id_seq; Type: SEQUENCE OWNED BY; Schema: public; Owner: postgres
--

ALTER SEQUENCE public.userstory_nota_id_seq OWNED BY public.userstory_nota.id;


--
-- TOC entry 240 (class 1259 OID 51035)
-- Name: userstory_userstory; Type: TABLE; Schema: public; Owner: postgres
--

CREATE TABLE public.userstory_userstory (
    id integer NOT NULL,
    nombre character varying(100) NOT NULL,
    descripcion text NOT NULL,
    fecha_inicio date,
    duracion_estimada time without time zone NOT NULL,
    valor_negocio integer NOT NULL,
    prioridad integer NOT NULL,
    valor_tecnico integer NOT NULL,
    estado integer NOT NULL,
    proyecto_id integer NOT NULL,
    sprint_id integer,
    team_member_id integer,
    flujo_id integer NOT NULL,
    tipo_us_id integer NOT NULL,
    estado_fase character varying(30) NOT NULL,
    fase_id integer,
    CONSTRAINT userstory_userstory_estado_check CHECK ((estado >= 0)),
    CONSTRAINT userstory_userstory_prioridad_check CHECK ((prioridad >= 0)),
    CONSTRAINT userstory_userstory_valor_negocio_check CHECK ((valor_negocio >= 0)),
    CONSTRAINT userstory_userstory_valor_tecnico_check CHECK ((valor_tecnico >= 0))
);


ALTER TABLE public.userstory_userstory OWNER TO postgres;

--
-- TOC entry 239 (class 1259 OID 51033)
-- Name: userstory_userstory_id_seq; Type: SEQUENCE; Schema: public; Owner: postgres
--

CREATE SEQUENCE public.userstory_userstory_id_seq
    AS integer
    START WITH 1
    INCREMENT BY 1
    NO MINVALUE
    NO MAXVALUE
    CACHE 1;


ALTER TABLE public.userstory_userstory_id_seq OWNER TO postgres;

--
-- TOC entry 3378 (class 0 OID 0)
-- Dependencies: 239
-- Name: userstory_userstory_id_seq; Type: SEQUENCE OWNED BY; Schema: public; Owner: postgres
--

ALTER SEQUENCE public.userstory_userstory_id_seq OWNED BY public.userstory_userstory.id;


--
-- TOC entry 213 (class 1259 OID 50781)
-- Name: usuarios_usuario; Type: TABLE; Schema: public; Owner: postgres
--

CREATE TABLE public.usuarios_usuario (
    id integer NOT NULL,
    password character varying(128) NOT NULL,
    last_login timestamp with time zone,
    is_superuser boolean NOT NULL,
    username character varying(150) NOT NULL,
    first_name character varying(30) NOT NULL,
    last_name character varying(150) NOT NULL,
    is_staff boolean NOT NULL,
    is_active boolean NOT NULL,
    date_joined timestamp with time zone NOT NULL,
    estado character varying(8) NOT NULL,
    ci character varying(10),
    telefono character varying(50),
    direccion character varying(200),
    descripcion text,
    email character varying(254) NOT NULL
);


ALTER TABLE public.usuarios_usuario OWNER TO postgres;

--
-- TOC entry 215 (class 1259 OID 50794)
-- Name: usuarios_usuario_groups; Type: TABLE; Schema: public; Owner: postgres
--

CREATE TABLE public.usuarios_usuario_groups (
    id integer NOT NULL,
    usuario_id integer NOT NULL,
    group_id integer NOT NULL
);


ALTER TABLE public.usuarios_usuario_groups OWNER TO postgres;

--
-- TOC entry 214 (class 1259 OID 50792)
-- Name: usuarios_usuario_groups_id_seq; Type: SEQUENCE; Schema: public; Owner: postgres
--

CREATE SEQUENCE public.usuarios_usuario_groups_id_seq
    AS integer
    START WITH 1
    INCREMENT BY 1
    NO MINVALUE
    NO MAXVALUE
    CACHE 1;


ALTER TABLE public.usuarios_usuario_groups_id_seq OWNER TO postgres;

--
-- TOC entry 3379 (class 0 OID 0)
-- Dependencies: 214
-- Name: usuarios_usuario_groups_id_seq; Type: SEQUENCE OWNED BY; Schema: public; Owner: postgres
--

ALTER SEQUENCE public.usuarios_usuario_groups_id_seq OWNED BY public.usuarios_usuario_groups.id;


--
-- TOC entry 212 (class 1259 OID 50779)
-- Name: usuarios_usuario_id_seq; Type: SEQUENCE; Schema: public; Owner: postgres
--

CREATE SEQUENCE public.usuarios_usuario_id_seq
    AS integer
    START WITH 1
    INCREMENT BY 1
    NO MINVALUE
    NO MAXVALUE
    CACHE 1;


ALTER TABLE public.usuarios_usuario_id_seq OWNER TO postgres;

--
-- TOC entry 3380 (class 0 OID 0)
-- Dependencies: 212
-- Name: usuarios_usuario_id_seq; Type: SEQUENCE OWNED BY; Schema: public; Owner: postgres
--

ALTER SEQUENCE public.usuarios_usuario_id_seq OWNED BY public.usuarios_usuario.id;


--
-- TOC entry 217 (class 1259 OID 50802)
-- Name: usuarios_usuario_permisos; Type: TABLE; Schema: public; Owner: postgres
--

CREATE TABLE public.usuarios_usuario_permisos (
    id integer NOT NULL,
    usuario_id integer NOT NULL,
    permiso_id integer NOT NULL
);


ALTER TABLE public.usuarios_usuario_permisos OWNER TO postgres;

--
-- TOC entry 216 (class 1259 OID 50800)
-- Name: usuarios_usuario_permisos_id_seq; Type: SEQUENCE; Schema: public; Owner: postgres
--

CREATE SEQUENCE public.usuarios_usuario_permisos_id_seq
    AS integer
    START WITH 1
    INCREMENT BY 1
    NO MINVALUE
    NO MAXVALUE
    CACHE 1;


ALTER TABLE public.usuarios_usuario_permisos_id_seq OWNER TO postgres;

--
-- TOC entry 3381 (class 0 OID 0)
-- Dependencies: 216
-- Name: usuarios_usuario_permisos_id_seq; Type: SEQUENCE OWNED BY; Schema: public; Owner: postgres
--

ALTER SEQUENCE public.usuarios_usuario_permisos_id_seq OWNED BY public.usuarios_usuario_permisos.id;


--
-- TOC entry 219 (class 1259 OID 50810)
-- Name: usuarios_usuario_user_permissions; Type: TABLE; Schema: public; Owner: postgres
--

CREATE TABLE public.usuarios_usuario_user_permissions (
    id integer NOT NULL,
    usuario_id integer NOT NULL,
    permission_id integer NOT NULL
);


ALTER TABLE public.usuarios_usuario_user_permissions OWNER TO postgres;

--
-- TOC entry 218 (class 1259 OID 50808)
-- Name: usuarios_usuario_user_permissions_id_seq; Type: SEQUENCE; Schema: public; Owner: postgres
--

CREATE SEQUENCE public.usuarios_usuario_user_permissions_id_seq
    AS integer
    START WITH 1
    INCREMENT BY 1
    NO MINVALUE
    NO MAXVALUE
    CACHE 1;


ALTER TABLE public.usuarios_usuario_user_permissions_id_seq OWNER TO postgres;

--
-- TOC entry 3382 (class 0 OID 0)
-- Dependencies: 218
-- Name: usuarios_usuario_user_permissions_id_seq; Type: SEQUENCE OWNED BY; Schema: public; Owner: postgres
--

ALTER SEQUENCE public.usuarios_usuario_user_permissions_id_seq OWNED BY public.usuarios_usuario_user_permissions.id;


--
-- TOC entry 3007 (class 2604 OID 50743)
-- Name: auth_group id; Type: DEFAULT; Schema: public; Owner: postgres
--

ALTER TABLE ONLY public.auth_group ALTER COLUMN id SET DEFAULT nextval('public.auth_group_id_seq'::regclass);


--
-- TOC entry 3008 (class 2604 OID 50753)
-- Name: auth_group_permissions id; Type: DEFAULT; Schema: public; Owner: postgres
--

ALTER TABLE ONLY public.auth_group_permissions ALTER COLUMN id SET DEFAULT nextval('public.auth_group_permissions_id_seq'::regclass);


--
-- TOC entry 3006 (class 2604 OID 50735)
-- Name: auth_permission id; Type: DEFAULT; Schema: public; Owner: postgres
--

ALTER TABLE ONLY public.auth_permission ALTER COLUMN id SET DEFAULT nextval('public.auth_permission_id_seq'::regclass);


--
-- TOC entry 3015 (class 2604 OID 50888)
-- Name: clientes_cliente id; Type: DEFAULT; Schema: public; Owner: postgres
--

ALTER TABLE ONLY public.clientes_cliente ALTER COLUMN id SET DEFAULT nextval('public.clientes_cliente_id_seq'::regclass);


--
-- TOC entry 3013 (class 2604 OID 50864)
-- Name: django_admin_log id; Type: DEFAULT; Schema: public; Owner: postgres
--

ALTER TABLE ONLY public.django_admin_log ALTER COLUMN id SET DEFAULT nextval('public.django_admin_log_id_seq'::regclass);


--
-- TOC entry 3005 (class 2604 OID 50725)
-- Name: django_content_type id; Type: DEFAULT; Schema: public; Owner: postgres
--

ALTER TABLE ONLY public.django_content_type ALTER COLUMN id SET DEFAULT nextval('public.django_content_type_id_seq'::regclass);


--
-- TOC entry 3001 (class 2604 OID 50673)
-- Name: django_migrations id; Type: DEFAULT; Schema: public; Owner: postgres
--

ALTER TABLE ONLY public.django_migrations ALTER COLUMN id SET DEFAULT nextval('public.django_migrations_id_seq'::regclass);


--
-- TOC entry 3018 (class 2604 OID 50933)
-- Name: flujo_fase id; Type: DEFAULT; Schema: public; Owner: postgres
--

ALTER TABLE ONLY public.flujo_fase ALTER COLUMN id SET DEFAULT nextval('public.flujo_fase_id_seq'::regclass);


--
-- TOC entry 3019 (class 2604 OID 50941)
-- Name: flujo_flujo id; Type: DEFAULT; Schema: public; Owner: postgres
--

ALTER TABLE ONLY public.flujo_flujo ALTER COLUMN id SET DEFAULT nextval('public.flujo_flujo_id_seq'::regclass);


--
-- TOC entry 3016 (class 2604 OID 50902)
-- Name: proyecto_proyecto id; Type: DEFAULT; Schema: public; Owner: postgres
--

ALTER TABLE ONLY public.proyecto_proyecto ALTER COLUMN id SET DEFAULT nextval('public.proyecto_proyecto_id_seq'::regclass);


--
-- TOC entry 3017 (class 2604 OID 50913)
-- Name: proyecto_teammember id; Type: DEFAULT; Schema: public; Owner: postgres
--

ALTER TABLE ONLY public.proyecto_teammember ALTER COLUMN id SET DEFAULT nextval('public.proyecto_teammember_id_seq'::regclass);


--
-- TOC entry 3002 (class 2604 OID 50684)
-- Name: rol_permiso id; Type: DEFAULT; Schema: public; Owner: postgres
--

ALTER TABLE ONLY public.rol_permiso ALTER COLUMN id SET DEFAULT nextval('public.rol_permiso_id_seq'::regclass);


--
-- TOC entry 3003 (class 2604 OID 50692)
-- Name: rol_rol id; Type: DEFAULT; Schema: public; Owner: postgres
--

ALTER TABLE ONLY public.rol_rol ALTER COLUMN id SET DEFAULT nextval('public.rol_rol_id_seq'::regclass);


--
-- TOC entry 3004 (class 2604 OID 50702)
-- Name: rol_rol_permisos id; Type: DEFAULT; Schema: public; Owner: postgres
--

ALTER TABLE ONLY public.rol_rol_permisos ALTER COLUMN id SET DEFAULT nextval('public.rol_rol_permisos_id_seq'::regclass);


--
-- TOC entry 3020 (class 2604 OID 50985)
-- Name: sprint_sprint id; Type: DEFAULT; Schema: public; Owner: postgres
--

ALTER TABLE ONLY public.sprint_sprint ALTER COLUMN id SET DEFAULT nextval('public.sprint_sprint_id_seq'::regclass);


--
-- TOC entry 3021 (class 2604 OID 50999)
-- Name: tipoUserStory_tipouserstory id; Type: DEFAULT; Schema: public; Owner: postgres
--

ALTER TABLE ONLY public."tipoUserStory_tipouserstory" ALTER COLUMN id SET DEFAULT nextval('public."tipoUserStory_tipouserstory_id_seq"'::regclass);


--
-- TOC entry 3022 (class 2604 OID 51010)
-- Name: tipoUserStory_tipouserstory_flujos id; Type: DEFAULT; Schema: public; Owner: postgres
--

ALTER TABLE ONLY public."tipoUserStory_tipouserstory_flujos" ALTER COLUMN id SET DEFAULT nextval('public."tipoUserStory_tipouserstory_flujos_id_seq"'::regclass);


--
-- TOC entry 3030 (class 2604 OID 51151)
-- Name: userstory_actividad id; Type: DEFAULT; Schema: public; Owner: postgres
--

ALTER TABLE ONLY public.userstory_actividad ALTER COLUMN id SET DEFAULT nextval('public.userstory_actividad_id_seq'::regclass);


--
-- TOC entry 3028 (class 2604 OID 51102)
-- Name: userstory_archivo id; Type: DEFAULT; Schema: public; Owner: postgres
--

ALTER TABLE ONLY public.userstory_archivo ALTER COLUMN id SET DEFAULT nextval('public.userstory_archivo_id_seq'::regclass);


--
-- TOC entry 3029 (class 2604 OID 51110)
-- Name: userstory_nota id; Type: DEFAULT; Schema: public; Owner: postgres
--

ALTER TABLE ONLY public.userstory_nota ALTER COLUMN id SET DEFAULT nextval('public.userstory_nota_id_seq'::regclass);


--
-- TOC entry 3023 (class 2604 OID 51038)
-- Name: userstory_userstory id; Type: DEFAULT; Schema: public; Owner: postgres
--

ALTER TABLE ONLY public.userstory_userstory ALTER COLUMN id SET DEFAULT nextval('public.userstory_userstory_id_seq'::regclass);


--
-- TOC entry 3009 (class 2604 OID 50784)
-- Name: usuarios_usuario id; Type: DEFAULT; Schema: public; Owner: postgres
--

ALTER TABLE ONLY public.usuarios_usuario ALTER COLUMN id SET DEFAULT nextval('public.usuarios_usuario_id_seq'::regclass);


--
-- TOC entry 3010 (class 2604 OID 50797)
-- Name: usuarios_usuario_groups id; Type: DEFAULT; Schema: public; Owner: postgres
--

ALTER TABLE ONLY public.usuarios_usuario_groups ALTER COLUMN id SET DEFAULT nextval('public.usuarios_usuario_groups_id_seq'::regclass);


--
-- TOC entry 3011 (class 2604 OID 50805)
-- Name: usuarios_usuario_permisos id; Type: DEFAULT; Schema: public; Owner: postgres
--

ALTER TABLE ONLY public.usuarios_usuario_permisos ALTER COLUMN id SET DEFAULT nextval('public.usuarios_usuario_permisos_id_seq'::regclass);


--
-- TOC entry 3012 (class 2604 OID 50813)
-- Name: usuarios_usuario_user_permissions id; Type: DEFAULT; Schema: public; Owner: postgres
--

ALTER TABLE ONLY public.usuarios_usuario_user_permissions ALTER COLUMN id SET DEFAULT nextval('public.usuarios_usuario_user_permissions_id_seq'::regclass);


--
-- TOC entry 3315 (class 0 OID 50740)
-- Dependencies: 209
-- Data for Name: auth_group; Type: TABLE DATA; Schema: public; Owner: postgres
--

COPY public.auth_group (id, name) FROM stdin;
\.


--
-- TOC entry 3317 (class 0 OID 50750)
-- Dependencies: 211
-- Data for Name: auth_group_permissions; Type: TABLE DATA; Schema: public; Owner: postgres
--

COPY public.auth_group_permissions (id, group_id, permission_id) FROM stdin;
\.


--
-- TOC entry 3313 (class 0 OID 50732)
-- Dependencies: 207
-- Data for Name: auth_permission; Type: TABLE DATA; Schema: public; Owner: postgres
--

COPY public.auth_permission (id, name, content_type_id, codename) FROM stdin;
1	Can add proyecto	1	add_proyecto
2	Can change proyecto	1	change_proyecto
3	Can delete proyecto	1	delete_proyecto
4	Can add team member	2	add_teammember
5	Can change team member	2	change_teammember
6	Can delete team member	2	delete_teammember
7	Can add user	3	add_usuario
8	Can change user	3	change_usuario
9	Can delete user	3	delete_usuario
10	Can add permiso	4	add_permiso
11	Can change permiso	4	change_permiso
12	Can delete permiso	4	delete_permiso
13	Can add rol	5	add_rol
14	Can change rol	5	change_rol
15	Can delete rol	5	delete_rol
16	Can add fase	6	add_fase
17	Can change fase	6	change_fase
18	Can delete fase	6	delete_fase
19	Can add flujo	7	add_flujo
20	Can change flujo	7	change_flujo
21	Can delete flujo	7	delete_flujo
22	Can add cliente	8	add_cliente
23	Can change cliente	8	change_cliente
24	Can delete cliente	8	delete_cliente
25	Can add tipo user story	9	add_tipouserstory
26	Can change tipo user story	9	change_tipouserstory
27	Can delete tipo user story	9	delete_tipouserstory
28	Can add user story	10	add_userstory
29	Can change user story	10	change_userstory
30	Can delete user story	10	delete_userstory
31	Can add archivo	11	add_archivo
32	Can change archivo	11	change_archivo
33	Can delete archivo	11	delete_archivo
34	Can add nota	12	add_nota
35	Can change nota	12	change_nota
36	Can delete nota	12	delete_nota
37	Can add actividad	13	add_actividad
38	Can change actividad	13	change_actividad
39	Can delete actividad	13	delete_actividad
40	Can add sprint	14	add_sprint
41	Can change sprint	14	change_sprint
42	Can delete sprint	14	delete_sprint
43	Can add log entry	15	add_logentry
44	Can change log entry	15	change_logentry
45	Can delete log entry	15	delete_logentry
46	Can add permission	16	add_permission
47	Can change permission	16	change_permission
48	Can delete permission	16	delete_permission
49	Can add group	17	add_group
50	Can change group	17	change_group
51	Can delete group	17	delete_group
52	Can add content type	18	add_contenttype
53	Can change content type	18	change_contenttype
54	Can delete content type	18	delete_contenttype
55	Can add session	19	add_session
56	Can change session	19	change_session
57	Can delete session	19	delete_session
\.


--
-- TOC entry 3329 (class 0 OID 50885)
-- Dependencies: 223
-- Data for Name: clientes_cliente; Type: TABLE DATA; Schema: public; Owner: postgres
--

COPY public.clientes_cliente (id, nombre, descripcion, direccion, ruc, telefono) FROM stdin;
1	Cliente	desc	Direccion	12311312	3123131
\.


--
-- TOC entry 3327 (class 0 OID 50861)
-- Dependencies: 221
-- Data for Name: django_admin_log; Type: TABLE DATA; Schema: public; Owner: postgres
--

COPY public.django_admin_log (id, action_time, object_id, object_repr, action_flag, change_message, content_type_id, user_id) FROM stdin;
1	2019-05-11 09:00:07.882029-04	1	Ver Usuarios	1	[{"added": {}}]	4	1
2	2019-05-11 09:00:14.293659-04	2	Modificar Usuario	1	[{"added": {}}]	4	1
3	2019-05-11 09:00:23.663326-04	3	Crear Usuarios	1	[{"added": {}}]	4	1
4	2019-05-11 09:00:30.452344-04	4	Ver Roles	1	[{"added": {}}]	4	1
5	2019-05-11 09:00:45.08237-04	5	Modificar Roles	1	[{"added": {}}]	4	1
6	2019-05-11 09:00:53.638912-04	6	Crear Roles	1	[{"added": {}}]	4	1
7	2019-05-11 09:00:59.938248-04	7	Crear Proyectos	1	[{"added": {}}]	4	1
8	2019-05-11 09:01:08.716536-04	8	Ver Proyectos	1	[{"added": {}}]	4	1
9	2019-05-11 09:01:18.211352-04	9	Modificar Proyectos	1	[{"added": {}}]	4	1
10	2019-05-11 09:01:29.331482-04	10	Ver Clientes	1	[{"added": {}}]	4	1
11	2019-05-11 09:01:38.224535-04	11	Crear Clientes	1	[{"added": {}}]	4	1
12	2019-05-11 09:01:45.987316-04	12	Modificar Clientes	1	[{"added": {}}]	4	1
13	2019-05-11 09:01:52.926897-04	13	Ver Opciones de Proyecto	1	[{"added": {}}]	4	1
14	2019-05-11 09:01:59.559544-04	14	Ver Flujos	1	[{"added": {}}]	4	1
15	2019-05-11 09:02:18.169265-04	15	Modificar Flujos	1	[{"added": {}}]	4	1
16	2019-05-11 09:02:39.442092-04	16	Ver Tipos de User Story	1	[{"added": {}}]	4	1
17	2019-05-11 09:02:52.476771-04	17	Modificar Tipos de User Story	1	[{"added": {}}]	4	1
18	2019-05-11 09:02:57.522737-04	18	Crear Tipos de User Story	1	[{"added": {}}]	4	1
19	2019-05-11 09:03:16.065849-04	19	Asignar Roles	1	[{"added": {}}]	4	1
20	2019-05-11 09:03:29.374412-04	20	Ver Ejecucion de Proyectos	1	[{"added": {}}]	4	1
21	2019-05-11 09:03:35.536739-04	21	Ver Sprint	1	[{"added": {}}]	4	1
22	2019-05-11 09:03:41.882493-04	22	Crear Sprint	1	[{"added": {}}]	4	1
23	2019-05-11 09:03:48.970853-04	23	Modificar Sprint	1	[{"added": {}}]	4	1
24	2019-05-11 09:06:17.930302-04	2	Modificar Usuario	3		4	1
25	2019-05-11 09:06:41.231209-04	24	Modificar Usuario	1	[{"added": {}}]	4	1
26	2019-05-11 09:08:02.696784-04	25	Ver Tablero	1	[{"added": {}}]	4	1
27	2019-05-11 09:08:17.842888-04	26	Mover de Estado	1	[{"added": {}}]	4	1
28	2019-05-11 09:08:32.478266-04	27	Ver Control de Calidad	1	[{"added": {}}]	4	1
29	2019-05-11 09:08:54.38634-04	28	Iniciar Sprint	1	[{"added": {}}]	4	1
30	2019-05-11 09:09:07.774626-04	29	Suspender Proyecto	1	[{"added": {}}]	4	1
31	2019-05-11 09:09:21.420655-04	30	Cancelar Proyecto	1	[{"added": {}}]	4	1
32	2019-05-11 09:09:33.855549-04	31	Terminar Proyecto	1	[{"added": {}}]	4	1
33	2019-05-11 09:09:48.769416-04	32	Iniciar Proyecto	1	[{"added": {}}]	4	1
34	2019-05-11 09:10:09.60206-04	33	Asignar User Stories	1	[{"added": {}}]	4	1
35	2019-05-11 09:10:21.13551-04	34	Ver Product Backlog	1	[{"added": {}}]	4	1
36	2019-05-11 09:10:40.639479-04	35	Modificar User Story	1	[{"added": {}}]	4	1
37	2019-05-11 09:11:05.831872-04	36	Crear User Story	1	[{"added": {}}]	4	1
38	2019-05-11 09:11:28.271997-04	37	Ver User Stories	1	[{"added": {}}]	4	1
39	2019-05-11 09:12:36.729147-04	38	Crear Flujos	1	[{"added": {}}]	4	1
40	2019-05-11 09:21:03.675837-04	39	Crear User Stories	1	[{"added": {}}]	4	1
\.


--
-- TOC entry 3311 (class 0 OID 50722)
-- Dependencies: 205
-- Data for Name: django_content_type; Type: TABLE DATA; Schema: public; Owner: postgres
--

COPY public.django_content_type (id, app_label, model) FROM stdin;
1	proyecto	proyecto
2	proyecto	teammember
3	usuarios	usuario
4	rol	permiso
5	rol	rol
6	flujo	fase
7	flujo	flujo
8	clientes	cliente
9	tipoUserStory	tipouserstory
10	userstory	userstory
11	userstory	archivo
12	userstory	nota
13	userstory	actividad
14	sprint	sprint
15	admin	logentry
16	auth	permission
17	auth	group
18	contenttypes	contenttype
19	sessions	session
\.


--
-- TOC entry 3303 (class 0 OID 50670)
-- Dependencies: 197
-- Data for Name: django_migrations; Type: TABLE DATA; Schema: public; Owner: postgres
--

COPY public.django_migrations (id, app, name, applied) FROM stdin;
1	rol	0001_initial	2019-05-10 23:26:28.925376-04
2	contenttypes	0001_initial	2019-05-10 23:26:29.059514-04
3	contenttypes	0002_remove_content_type_name	2019-05-10 23:26:29.108747-04
4	auth	0001_initial	2019-05-10 23:26:29.558686-04
5	auth	0002_alter_permission_name_max_length	2019-05-10 23:26:29.598722-04
6	auth	0003_alter_user_email_max_length	2019-05-10 23:26:29.620047-04
7	auth	0004_alter_user_username_opts	2019-05-10 23:26:29.646649-04
8	auth	0005_alter_user_last_login_null	2019-05-10 23:26:29.670961-04
9	auth	0006_require_contenttypes_0002	2019-05-10 23:26:29.683101-04
10	auth	0007_alter_validators_add_error_messages	2019-05-10 23:26:29.704136-04
11	auth	0008_alter_user_username_max_length	2019-05-10 23:26:29.729205-04
12	auth	0009_alter_user_last_name_max_length	2019-05-10 23:26:29.758807-04
13	usuarios	0001_initial	2019-05-10 23:26:30.42125-04
14	admin	0001_initial	2019-05-10 23:26:30.656885-04
15	admin	0002_logentry_remove_auto_add	2019-05-10 23:26:30.698294-04
16	clientes	0001_initial	2019-05-10 23:26:30.808558-04
17	clientes	0002_auto_20190429_2123	2019-05-10 23:26:30.934891-04
18	proyecto	0001_initial	2019-05-10 23:26:31.213432-04
19	flujo	0001_initial	2019-05-10 23:26:31.390482-04
20	flujo	0002_auto_20190429_2045	2019-05-10 23:26:31.575511-04
21	flujo	0003_auto_20190504_1315	2019-05-10 23:26:31.615794-04
22	proyecto	0002_teammember_usuario	2019-05-10 23:26:31.735158-04
23	proyecto	0003_auto_20190429_2212	2019-05-10 23:26:31.789374-04
24	proyecto	0004_teammember_horas_desarrollador	2019-05-10 23:26:31.843164-04
25	proyecto	0005_remove_teammember_horas_desarrollador	2019-05-10 23:26:31.919687-04
26	rol	0002_auto_20190429_2123	2019-05-10 23:26:32.004374-04
27	sessions	0001_initial	2019-05-10 23:26:32.189815-04
28	sprint	0001_initial	2019-05-10 23:26:32.357995-04
29	sprint	0002_auto_20190429_2222	2019-05-10 23:26:32.433107-04
30	sprint	0003_auto_20190429_2230	2019-05-10 23:26:32.482818-04
31	sprint	0004_auto_20190429_2239	2019-05-10 23:26:32.51653-04
32	sprint	0005_auto_20190429_2242	2019-05-10 23:26:32.549526-04
33	sprint	0006_auto_20190501_1852	2019-05-10 23:26:32.574239-04
34	tipoUserStory	0001_initial	2019-05-10 23:26:32.922191-04
35	tipoUserStory	0002_auto_20190429_2212	2019-05-10 23:26:32.962024-04
36	userstory	0001_initial	2019-05-10 23:26:33.182519-04
37	userstory	0002_userstory_team_member	2019-05-10 23:26:33.299255-04
38	userstory	0003_auto_20190501_1455	2019-05-10 23:26:33.526735-04
39	userstory	0004_auto_20190501_1852	2019-05-10 23:26:33.626967-04
40	userstory	0005_userstory_fase	2019-05-10 23:26:33.736559-04
41	userstory	0006_actividad_archivo_nota	2019-05-10 23:26:34.301202-04
42	userstory	0007_auto_20190502_2159	2019-05-10 23:26:34.400207-04
43	userstory	0008_actividad	2019-05-10 23:26:34.626555-04
44	userstory	0009_auto_20190504_1037	2019-05-10 23:26:34.771199-04
45	userstory	0010_auto_20190505_1457	2019-05-10 23:26:35.15031-04
46	userstory	0011_auto_20190505_1501	2019-05-10 23:26:35.222619-04
47	userstory	0009_auto_20190504_0931	2019-05-10 23:26:35.287058-04
48	userstory	0012_merge_20190508_1010	2019-05-10 23:26:35.297191-04
49	userstory	0013_auto_20190508_1104	2019-05-10 23:26:35.624799-04
50	userstory	0014_auto_20190509_1003	2019-05-10 23:26:35.709515-04
51	userstory	0009_auto_20190504_0925	2019-05-10 23:26:35.770187-04
52	userstory	0012_merge_20190506_1513	2019-05-10 23:26:35.783742-04
53	userstory	0013_auto_20190508_1014	2019-05-10 23:26:36.110541-04
54	userstory	0009_auto_20190503_2156	2019-05-10 23:26:36.171153-04
55	userstory	0012_merge_20190506_1455	2019-05-10 23:26:36.185965-04
56	userstory	0015_merge_20190510_1855	2019-05-10 23:26:36.195101-04
57	usuarios	0002_auto_20190429_2239	2019-05-10 23:26:36.240781-04
\.


--
-- TOC entry 3338 (class 0 OID 50970)
-- Dependencies: 232
-- Data for Name: django_session; Type: TABLE DATA; Schema: public; Owner: postgres
--

COPY public.django_session (session_key, session_data, expire_date) FROM stdin;
bynxh3ldimnizo50dwc5p0efsf9z8wr0	Y2I3ZGMxN2JiMzhjOTdkMThjNjc1Y2YwODUwNTgyMWExNzc3OWVjZTp7Il9hdXRoX3VzZXJfaWQiOiIxIiwiX2F1dGhfdXNlcl9iYWNrZW5kIjoiZGphbmdvLmNvbnRyaWIuYXV0aC5iYWNrZW5kcy5Nb2RlbEJhY2tlbmQiLCJfYXV0aF91c2VyX2hhc2giOiJhMjhkMWNmYzUzMzViZTU3NjI5OTZhMWMzMDFmNTZlZGRiYjExMjU5In0=	2019-05-25 00:23:41.977008-04
zz4euwawrb5is0xu2v0ktf6ryznw62g4	YWNhZjZmZTBjNzdiMDYxMTc0NzM1ZTJiZmYzYWE5MDZiNTg3ZDRiYTp7Il9hdXRoX3VzZXJfaWQiOiIxIiwiX2F1dGhfdXNlcl9iYWNrZW5kIjoiZGphbmdvLmNvbnRyaWIuYXV0aC5iYWNrZW5kcy5Nb2RlbEJhY2tlbmQiLCJfYXV0aF91c2VyX2hhc2giOiJjNDdmMDJjZWE5NzFiZjhkZTJjNzNjN2I5MmJiNmIxOWVkOTliMTQ5In0=	2019-05-25 11:07:40.373096-04
\.


--
-- TOC entry 3335 (class 0 OID 50930)
-- Dependencies: 229
-- Data for Name: flujo_fase; Type: TABLE DATA; Schema: public; Owner: postgres
--

COPY public.flujo_fase (id, nombre, flujo_id) FROM stdin;
1	Fase 1	1
3	fase1	2
4	fase2	2
5	fase3	2
\.


--
-- TOC entry 3337 (class 0 OID 50938)
-- Dependencies: 231
-- Data for Name: flujo_flujo; Type: TABLE DATA; Schema: public; Owner: postgres
--

COPY public.flujo_flujo (id, nombre, descripcion, proyecto_id) FROM stdin;
1	Flujo 1	desc	1
2	Flujo 1	des	2
\.


--
-- TOC entry 3331 (class 0 OID 50899)
-- Dependencies: 225
-- Data for Name: proyecto_proyecto; Type: TABLE DATA; Schema: public; Owner: postgres
--

COPY public.proyecto_proyecto (id, nombre, fecha_inicio, fecha_fin, estado, descripcion, fecha_ini_estimada, fecha_fin_estimada) FROM stdin;
1	Proyecto 1	2019-05-11	\N	Activo	desc	2018-01-01	2019-01-01
2	Proyecto de Majo	2019-05-11	\N	Activo	Desc1	2019-01-01	2019-01-02
\.


--
-- TOC entry 3333 (class 0 OID 50910)
-- Dependencies: 227
-- Data for Name: proyecto_teammember; Type: TABLE DATA; Schema: public; Owner: postgres
--

COPY public.proyecto_teammember (id, proyecto_id, rol_id, usuario_id) FROM stdin;
3	1	1	2
4	1	1	1
8	2	1	4
9	2	2	2
10	2	2	6
\.


--
-- TOC entry 3305 (class 0 OID 50681)
-- Dependencies: 199
-- Data for Name: rol_permiso; Type: TABLE DATA; Schema: public; Owner: postgres
--

COPY public.rol_permiso (id, nombre, tipo) FROM stdin;
1	Ver Usuarios	1
3	Crear Usuarios	1
4	Ver Roles	1
5	Modificar Roles	1
6	Crear Roles	1
7	Crear Proyectos	1
8	Ver Proyectos	1
9	Modificar Proyectos	1
10	Ver Clientes	1
11	Crear Clientes	1
12	Modificar Clientes	1
13	Ver Opciones de Proyecto	2
14	Ver Flujos	2
15	Modificar Flujos	2
16	Ver Tipos de User Story	2
17	Modificar Tipos de User Story	2
18	Crear Tipos de User Story	2
19	Asignar Roles	2
20	Ver Ejecucion de Proyectos	2
21	Ver Sprint	2
22	Crear Sprint	2
23	Modificar Sprint	2
24	Modificar Usuario	1
25	Ver Tablero	2
26	Mover de Estado	2
27	Ver Control de Calidad	2
28	Iniciar Sprint	2
29	Suspender Proyecto	2
30	Cancelar Proyecto	2
31	Terminar Proyecto	2
32	Iniciar Proyecto	2
33	Asignar User Stories	2
34	Ver Product Backlog	2
35	Modificar User Story	2
36	Crear User Story	2
37	Ver User Stories	2
38	Crear Flujos	2
39	Crear User Stories	2
\.


--
-- TOC entry 3307 (class 0 OID 50689)
-- Dependencies: 201
-- Data for Name: rol_rol; Type: TABLE DATA; Schema: public; Owner: postgres
--

COPY public.rol_rol (id, nombre, descripcion) FROM stdin;
1	Scrum Master	El Scrum tiene todos los permisos
2	Developer	asd
\.


--
-- TOC entry 3309 (class 0 OID 50699)
-- Dependencies: 203
-- Data for Name: rol_rol_permisos; Type: TABLE DATA; Schema: public; Owner: postgres
--

COPY public.rol_rol_permisos (id, rol_id, permiso_id) FROM stdin;
1	1	13
2	1	14
3	1	15
4	1	16
5	1	17
6	1	18
7	1	19
8	1	20
9	1	21
10	1	22
11	1	23
12	1	25
13	1	26
14	1	27
15	1	28
16	1	29
17	1	30
18	1	31
19	1	32
20	1	33
21	1	34
22	1	35
23	1	36
24	1	37
25	1	38
26	1	39
27	2	34
28	2	13
29	2	14
30	2	15
31	2	16
32	2	17
33	2	18
34	2	20
35	2	21
36	2	25
37	2	26
38	2	27
\.


--
-- TOC entry 3340 (class 0 OID 50982)
-- Dependencies: 234
-- Data for Name: sprint_sprint; Type: TABLE DATA; Schema: public; Owner: postgres
--

COPY public.sprint_sprint (id, nombre, fecha_inicio, fecha_fin, duracion, estado, proyecto_id, fecha_fin_estimada, fecha_ini_estimada) FROM stdin;
1	Sprint 1	\N	\N	\N	Pendiente	1	2018-01-02	2018-01-01
2	Sprint1	\N	\N	\N	Pendiente	2	2018-01-06	2018-01-01
\.


--
-- TOC entry 3342 (class 0 OID 50996)
-- Dependencies: 236
-- Data for Name: tipoUserStory_tipouserstory; Type: TABLE DATA; Schema: public; Owner: postgres
--

COPY public."tipoUserStory_tipouserstory" (id, nombre, descripcion, proyecto_id) FROM stdin;
1	Tipo US1	Desc	1
2	TipoUS1	TipoUS1	2
\.


--
-- TOC entry 3344 (class 0 OID 51007)
-- Dependencies: 238
-- Data for Name: tipoUserStory_tipouserstory_flujos; Type: TABLE DATA; Schema: public; Owner: postgres
--

COPY public."tipoUserStory_tipouserstory_flujos" (id, tipouserstory_id, flujo_id) FROM stdin;
1	1	1
2	2	2
\.


--
-- TOC entry 3352 (class 0 OID 51148)
-- Dependencies: 246
-- Data for Name: userstory_actividad; Type: TABLE DATA; Schema: public; Owner: postgres
--

COPY public.userstory_actividad (id, nombre, descripcion, duracion, fecha, us_id, usuario_id) FROM stdin;
\.


--
-- TOC entry 3348 (class 0 OID 51099)
-- Dependencies: 242
-- Data for Name: userstory_archivo; Type: TABLE DATA; Schema: public; Owner: postgres
--

COPY public.userstory_archivo (id, titulo, archivo, fecha, us_id, usuario_id) FROM stdin;
\.


--
-- TOC entry 3350 (class 0 OID 51107)
-- Dependencies: 244
-- Data for Name: userstory_nota; Type: TABLE DATA; Schema: public; Owner: postgres
--

COPY public.userstory_nota (id, nota, fecha, us_id, usuario_id) FROM stdin;
\.


--
-- TOC entry 3346 (class 0 OID 51035)
-- Dependencies: 240
-- Data for Name: userstory_userstory; Type: TABLE DATA; Schema: public; Owner: postgres
--

COPY public.userstory_userstory (id, nombre, descripcion, fecha_inicio, duracion_estimada, valor_negocio, prioridad, valor_tecnico, estado, proyecto_id, sprint_id, team_member_id, flujo_id, tipo_us_id, estado_fase, fase_id) FROM stdin;
1	US1	Desc	\N	02:00:05	5	5	5	2	1	\N	\N	1	1	To Do	\N
2	US2	Desc US2	\N	02:05:10	5	5	5	2	1	\N	\N	1	1	To Do	\N
3	US1	Desc	\N	20:00:00	9	7	1	2	2	\N	\N	2	2	To Do	\N
4	US2	Desc	\N	20:00:00	1	3	7	2	2	\N	\N	2	2	To Do	\N
5	US3	DEsc	\N	23:00:00	6	4	9	2	2	\N	\N	2	2	To Do	\N
6	US4	Desc	\N	23:00:00	9	8	7	1	2	2	\N	2	2	To Do	\N
\.


--
-- TOC entry 3319 (class 0 OID 50781)
-- Dependencies: 213
-- Data for Name: usuarios_usuario; Type: TABLE DATA; Schema: public; Owner: postgres
--

COPY public.usuarios_usuario (id, password, last_login, is_superuser, username, first_name, last_name, is_staff, is_active, date_joined, estado, ci, telefono, direccion, descripcion, email) FROM stdin;
2	pbkdf2_sha256$100000$wVCTHGuswJ2J$u4oH8xbHSw0kMWTCnNsL7L8ZBvixp1BhYS+DtaVeab0=	2019-05-11 09:28:42.104219-04	f	sebas	Sebastian	Rojas	f	t	2019-05-11 09:15:00.833879-04	Activo	333311111	0981111333	Dir	desc	sebas@gmail.com
3	pbkdf2_sha256$100000$dFF1adfEMuoh$XENr1c/58iS6X3HrLiXNVtBmzs9YBBHGNSYRpYzgblU=	2019-05-11 10:48:52.152307-04	f	administrador1	adm1	adm1	f	t	2019-05-11 10:34:06.74314-04	Activo	32131	23123	Direccion	desc	administrador1@gmail.com
5	pbkdf2_sha256$100000$7gG0MBKgdwqJ$tVueI+GvRieqwHmKf3NvwnnsjbJQFDEvymJxnHaaQck=	\N	f	majo2	juan	caiza	f	t	2019-05-11 10:49:37.303838-04	Activo	231	321	32132	desc	majo2@gmail.com
6	pbkdf2_sha256$100000$FgPEKi4zbHIQ$LCEmDt2Q959aWnaHLvJor9EqGrPjmoZi6wwjtBuzJrk=	\N	f	juanca	Juan	Caiza	f	t	2019-05-11 10:50:29.578979-04	Activo	123	12123	dir	desc	juan.caniza012@gmail.com
4	pbkdf2_sha256$100000$YwheOYeCWFiv$4xudrsB8Kh3ZtsL/gsjbWRJZsDudKwnw9AyjYWNINUY=	2019-05-11 10:50:59.415448-04	f	majo	Majo	Melgarejo	f	t	2019-05-11 10:36:08.655479-04	Activo	39123	222301	Lejos	Desc	majo@gmail.com
1	pbkdf2_sha256$100000$jiQZSQ4ZAy3b$j/iQQydpzQ3eY9ZxTMuzxIA6zeEbLtkOFibQJ0TxG84=	2019-05-11 11:07:40.350758-04	t	produccion			t	t	2019-05-10 23:28:38.010453-04	Activo	\N	\N	\N		produc@gmail.com
\.


--
-- TOC entry 3321 (class 0 OID 50794)
-- Dependencies: 215
-- Data for Name: usuarios_usuario_groups; Type: TABLE DATA; Schema: public; Owner: postgres
--

COPY public.usuarios_usuario_groups (id, usuario_id, group_id) FROM stdin;
\.


--
-- TOC entry 3323 (class 0 OID 50802)
-- Dependencies: 217
-- Data for Name: usuarios_usuario_permisos; Type: TABLE DATA; Schema: public; Owner: postgres
--

COPY public.usuarios_usuario_permisos (id, usuario_id, permiso_id) FROM stdin;
1	1	1
2	1	3
3	1	4
4	1	5
5	1	6
6	1	7
7	1	8
8	1	9
9	1	10
10	1	11
11	1	12
12	2	1
13	2	3
14	2	4
15	2	5
16	2	6
17	2	7
18	2	8
19	2	9
20	2	10
21	2	11
22	2	12
23	2	24
24	3	1
25	3	3
26	3	4
27	3	5
28	3	6
29	3	7
30	3	8
31	3	9
32	3	10
33	3	11
34	3	12
35	3	24
36	4	1
37	4	8
38	5	1
39	6	8
40	6	1
\.


--
-- TOC entry 3325 (class 0 OID 50810)
-- Dependencies: 219
-- Data for Name: usuarios_usuario_user_permissions; Type: TABLE DATA; Schema: public; Owner: postgres
--

COPY public.usuarios_usuario_user_permissions (id, usuario_id, permission_id) FROM stdin;
\.


--
-- TOC entry 3383 (class 0 OID 0)
-- Dependencies: 208
-- Name: auth_group_id_seq; Type: SEQUENCE SET; Schema: public; Owner: postgres
--

SELECT pg_catalog.setval('public.auth_group_id_seq', 1, false);


--
-- TOC entry 3384 (class 0 OID 0)
-- Dependencies: 210
-- Name: auth_group_permissions_id_seq; Type: SEQUENCE SET; Schema: public; Owner: postgres
--

SELECT pg_catalog.setval('public.auth_group_permissions_id_seq', 1, false);


--
-- TOC entry 3385 (class 0 OID 0)
-- Dependencies: 206
-- Name: auth_permission_id_seq; Type: SEQUENCE SET; Schema: public; Owner: postgres
--

SELECT pg_catalog.setval('public.auth_permission_id_seq', 57, true);


--
-- TOC entry 3386 (class 0 OID 0)
-- Dependencies: 222
-- Name: clientes_cliente_id_seq; Type: SEQUENCE SET; Schema: public; Owner: postgres
--

SELECT pg_catalog.setval('public.clientes_cliente_id_seq', 1, true);


--
-- TOC entry 3387 (class 0 OID 0)
-- Dependencies: 220
-- Name: django_admin_log_id_seq; Type: SEQUENCE SET; Schema: public; Owner: postgres
--

SELECT pg_catalog.setval('public.django_admin_log_id_seq', 40, true);


--
-- TOC entry 3388 (class 0 OID 0)
-- Dependencies: 204
-- Name: django_content_type_id_seq; Type: SEQUENCE SET; Schema: public; Owner: postgres
--

SELECT pg_catalog.setval('public.django_content_type_id_seq', 19, true);


--
-- TOC entry 3389 (class 0 OID 0)
-- Dependencies: 196
-- Name: django_migrations_id_seq; Type: SEQUENCE SET; Schema: public; Owner: postgres
--

SELECT pg_catalog.setval('public.django_migrations_id_seq', 57, true);


--
-- TOC entry 3390 (class 0 OID 0)
-- Dependencies: 228
-- Name: flujo_fase_id_seq; Type: SEQUENCE SET; Schema: public; Owner: postgres
--

SELECT pg_catalog.setval('public.flujo_fase_id_seq', 5, true);


--
-- TOC entry 3391 (class 0 OID 0)
-- Dependencies: 230
-- Name: flujo_flujo_id_seq; Type: SEQUENCE SET; Schema: public; Owner: postgres
--

SELECT pg_catalog.setval('public.flujo_flujo_id_seq', 2, true);


--
-- TOC entry 3392 (class 0 OID 0)
-- Dependencies: 224
-- Name: proyecto_proyecto_id_seq; Type: SEQUENCE SET; Schema: public; Owner: postgres
--

SELECT pg_catalog.setval('public.proyecto_proyecto_id_seq', 2, true);


--
-- TOC entry 3393 (class 0 OID 0)
-- Dependencies: 226
-- Name: proyecto_teammember_id_seq; Type: SEQUENCE SET; Schema: public; Owner: postgres
--

SELECT pg_catalog.setval('public.proyecto_teammember_id_seq', 10, true);


--
-- TOC entry 3394 (class 0 OID 0)
-- Dependencies: 198
-- Name: rol_permiso_id_seq; Type: SEQUENCE SET; Schema: public; Owner: postgres
--

SELECT pg_catalog.setval('public.rol_permiso_id_seq', 39, true);


--
-- TOC entry 3395 (class 0 OID 0)
-- Dependencies: 200
-- Name: rol_rol_id_seq; Type: SEQUENCE SET; Schema: public; Owner: postgres
--

SELECT pg_catalog.setval('public.rol_rol_id_seq', 2, true);


--
-- TOC entry 3396 (class 0 OID 0)
-- Dependencies: 202
-- Name: rol_rol_permisos_id_seq; Type: SEQUENCE SET; Schema: public; Owner: postgres
--

SELECT pg_catalog.setval('public.rol_rol_permisos_id_seq', 38, true);


--
-- TOC entry 3397 (class 0 OID 0)
-- Dependencies: 233
-- Name: sprint_sprint_id_seq; Type: SEQUENCE SET; Schema: public; Owner: postgres
--

SELECT pg_catalog.setval('public.sprint_sprint_id_seq', 2, true);


--
-- TOC entry 3398 (class 0 OID 0)
-- Dependencies: 237
-- Name: tipoUserStory_tipouserstory_flujos_id_seq; Type: SEQUENCE SET; Schema: public; Owner: postgres
--

SELECT pg_catalog.setval('public."tipoUserStory_tipouserstory_flujos_id_seq"', 2, true);


--
-- TOC entry 3399 (class 0 OID 0)
-- Dependencies: 235
-- Name: tipoUserStory_tipouserstory_id_seq; Type: SEQUENCE SET; Schema: public; Owner: postgres
--

SELECT pg_catalog.setval('public."tipoUserStory_tipouserstory_id_seq"', 2, true);


--
-- TOC entry 3400 (class 0 OID 0)
-- Dependencies: 245
-- Name: userstory_actividad_id_seq; Type: SEQUENCE SET; Schema: public; Owner: postgres
--

SELECT pg_catalog.setval('public.userstory_actividad_id_seq', 1, false);


--
-- TOC entry 3401 (class 0 OID 0)
-- Dependencies: 241
-- Name: userstory_archivo_id_seq; Type: SEQUENCE SET; Schema: public; Owner: postgres
--

SELECT pg_catalog.setval('public.userstory_archivo_id_seq', 1, false);


--
-- TOC entry 3402 (class 0 OID 0)
-- Dependencies: 243
-- Name: userstory_nota_id_seq; Type: SEQUENCE SET; Schema: public; Owner: postgres
--

SELECT pg_catalog.setval('public.userstory_nota_id_seq', 1, false);


--
-- TOC entry 3403 (class 0 OID 0)
-- Dependencies: 239
-- Name: userstory_userstory_id_seq; Type: SEQUENCE SET; Schema: public; Owner: postgres
--

SELECT pg_catalog.setval('public.userstory_userstory_id_seq', 6, true);


--
-- TOC entry 3404 (class 0 OID 0)
-- Dependencies: 214
-- Name: usuarios_usuario_groups_id_seq; Type: SEQUENCE SET; Schema: public; Owner: postgres
--

SELECT pg_catalog.setval('public.usuarios_usuario_groups_id_seq', 1, false);


--
-- TOC entry 3405 (class 0 OID 0)
-- Dependencies: 212
-- Name: usuarios_usuario_id_seq; Type: SEQUENCE SET; Schema: public; Owner: postgres
--

SELECT pg_catalog.setval('public.usuarios_usuario_id_seq', 6, true);


--
-- TOC entry 3406 (class 0 OID 0)
-- Dependencies: 216
-- Name: usuarios_usuario_permisos_id_seq; Type: SEQUENCE SET; Schema: public; Owner: postgres
--

SELECT pg_catalog.setval('public.usuarios_usuario_permisos_id_seq', 40, true);


--
-- TOC entry 3407 (class 0 OID 0)
-- Dependencies: 218
-- Name: usuarios_usuario_user_permissions_id_seq; Type: SEQUENCE SET; Schema: public; Owner: postgres
--

SELECT pg_catalog.setval('public.usuarios_usuario_user_permissions_id_seq', 1, false);


--
-- TOC entry 3057 (class 2606 OID 50747)
-- Name: auth_group auth_group_name_key; Type: CONSTRAINT; Schema: public; Owner: postgres
--

ALTER TABLE ONLY public.auth_group
    ADD CONSTRAINT auth_group_name_key UNIQUE (name);


--
-- TOC entry 3062 (class 2606 OID 50776)
-- Name: auth_group_permissions auth_group_permissions_group_id_permission_id_0cd325b0_uniq; Type: CONSTRAINT; Schema: public; Owner: postgres
--

ALTER TABLE ONLY public.auth_group_permissions
    ADD CONSTRAINT auth_group_permissions_group_id_permission_id_0cd325b0_uniq UNIQUE (group_id, permission_id);


--
-- TOC entry 3065 (class 2606 OID 50755)
-- Name: auth_group_permissions auth_group_permissions_pkey; Type: CONSTRAINT; Schema: public; Owner: postgres
--

ALTER TABLE ONLY public.auth_group_permissions
    ADD CONSTRAINT auth_group_permissions_pkey PRIMARY KEY (id);


--
-- TOC entry 3059 (class 2606 OID 50745)
-- Name: auth_group auth_group_pkey; Type: CONSTRAINT; Schema: public; Owner: postgres
--

ALTER TABLE ONLY public.auth_group
    ADD CONSTRAINT auth_group_pkey PRIMARY KEY (id);


--
-- TOC entry 3052 (class 2606 OID 50762)
-- Name: auth_permission auth_permission_content_type_id_codename_01ab375a_uniq; Type: CONSTRAINT; Schema: public; Owner: postgres
--

ALTER TABLE ONLY public.auth_permission
    ADD CONSTRAINT auth_permission_content_type_id_codename_01ab375a_uniq UNIQUE (content_type_id, codename);


--
-- TOC entry 3054 (class 2606 OID 50737)
-- Name: auth_permission auth_permission_pkey; Type: CONSTRAINT; Schema: public; Owner: postgres
--

ALTER TABLE ONLY public.auth_permission
    ADD CONSTRAINT auth_permission_pkey PRIMARY KEY (id);


--
-- TOC entry 3094 (class 2606 OID 50893)
-- Name: clientes_cliente clientes_cliente_pkey; Type: CONSTRAINT; Schema: public; Owner: postgres
--

ALTER TABLE ONLY public.clientes_cliente
    ADD CONSTRAINT clientes_cliente_pkey PRIMARY KEY (id);


--
-- TOC entry 3097 (class 2606 OID 50895)
-- Name: clientes_cliente clientes_cliente_ruc_02216710_uniq; Type: CONSTRAINT; Schema: public; Owner: postgres
--

ALTER TABLE ONLY public.clientes_cliente
    ADD CONSTRAINT clientes_cliente_ruc_02216710_uniq UNIQUE (ruc);


--
-- TOC entry 3091 (class 2606 OID 50870)
-- Name: django_admin_log django_admin_log_pkey; Type: CONSTRAINT; Schema: public; Owner: postgres
--

ALTER TABLE ONLY public.django_admin_log
    ADD CONSTRAINT django_admin_log_pkey PRIMARY KEY (id);


--
-- TOC entry 3047 (class 2606 OID 50729)
-- Name: django_content_type django_content_type_app_label_model_76bd3d3b_uniq; Type: CONSTRAINT; Schema: public; Owner: postgres
--

ALTER TABLE ONLY public.django_content_type
    ADD CONSTRAINT django_content_type_app_label_model_76bd3d3b_uniq UNIQUE (app_label, model);


--
-- TOC entry 3049 (class 2606 OID 50727)
-- Name: django_content_type django_content_type_pkey; Type: CONSTRAINT; Schema: public; Owner: postgres
--

ALTER TABLE ONLY public.django_content_type
    ADD CONSTRAINT django_content_type_pkey PRIMARY KEY (id);


--
-- TOC entry 3032 (class 2606 OID 50678)
-- Name: django_migrations django_migrations_pkey; Type: CONSTRAINT; Schema: public; Owner: postgres
--

ALTER TABLE ONLY public.django_migrations
    ADD CONSTRAINT django_migrations_pkey PRIMARY KEY (id);


--
-- TOC entry 3113 (class 2606 OID 50977)
-- Name: django_session django_session_pkey; Type: CONSTRAINT; Schema: public; Owner: postgres
--

ALTER TABLE ONLY public.django_session
    ADD CONSTRAINT django_session_pkey PRIMARY KEY (session_key);


--
-- TOC entry 3107 (class 2606 OID 50935)
-- Name: flujo_fase flujo_fase_pkey; Type: CONSTRAINT; Schema: public; Owner: postgres
--

ALTER TABLE ONLY public.flujo_fase
    ADD CONSTRAINT flujo_fase_pkey PRIMARY KEY (id);


--
-- TOC entry 3109 (class 2606 OID 50946)
-- Name: flujo_flujo flujo_flujo_pkey; Type: CONSTRAINT; Schema: public; Owner: postgres
--

ALTER TABLE ONLY public.flujo_flujo
    ADD CONSTRAINT flujo_flujo_pkey PRIMARY KEY (id);


--
-- TOC entry 3099 (class 2606 OID 50907)
-- Name: proyecto_proyecto proyecto_proyecto_pkey; Type: CONSTRAINT; Schema: public; Owner: postgres
--

ALTER TABLE ONLY public.proyecto_proyecto
    ADD CONSTRAINT proyecto_proyecto_pkey PRIMARY KEY (id);


--
-- TOC entry 3101 (class 2606 OID 50915)
-- Name: proyecto_teammember proyecto_teammember_pkey; Type: CONSTRAINT; Schema: public; Owner: postgres
--

ALTER TABLE ONLY public.proyecto_teammember
    ADD CONSTRAINT proyecto_teammember_pkey PRIMARY KEY (id);


--
-- TOC entry 3034 (class 2606 OID 50686)
-- Name: rol_permiso rol_permiso_pkey; Type: CONSTRAINT; Schema: public; Owner: postgres
--

ALTER TABLE ONLY public.rol_permiso
    ADD CONSTRAINT rol_permiso_pkey PRIMARY KEY (id);


--
-- TOC entry 3037 (class 2606 OID 50696)
-- Name: rol_rol rol_rol_nombre_key; Type: CONSTRAINT; Schema: public; Owner: postgres
--

ALTER TABLE ONLY public.rol_rol
    ADD CONSTRAINT rol_rol_nombre_key UNIQUE (nombre);


--
-- TOC entry 3042 (class 2606 OID 50704)
-- Name: rol_rol_permisos rol_rol_permisos_pkey; Type: CONSTRAINT; Schema: public; Owner: postgres
--

ALTER TABLE ONLY public.rol_rol_permisos
    ADD CONSTRAINT rol_rol_permisos_pkey PRIMARY KEY (id);


--
-- TOC entry 3045 (class 2606 OID 50717)
-- Name: rol_rol_permisos rol_rol_permisos_rol_id_permiso_id_48216c3d_uniq; Type: CONSTRAINT; Schema: public; Owner: postgres
--

ALTER TABLE ONLY public.rol_rol_permisos
    ADD CONSTRAINT rol_rol_permisos_rol_id_permiso_id_48216c3d_uniq UNIQUE (rol_id, permiso_id);


--
-- TOC entry 3039 (class 2606 OID 50694)
-- Name: rol_rol rol_rol_pkey; Type: CONSTRAINT; Schema: public; Owner: postgres
--

ALTER TABLE ONLY public.rol_rol
    ADD CONSTRAINT rol_rol_pkey PRIMARY KEY (id);


--
-- TOC entry 3116 (class 2606 OID 50987)
-- Name: sprint_sprint sprint_sprint_pkey; Type: CONSTRAINT; Schema: public; Owner: postgres
--

ALTER TABLE ONLY public.sprint_sprint
    ADD CONSTRAINT sprint_sprint_pkey PRIMARY KEY (id);


--
-- TOC entry 3123 (class 2606 OID 51012)
-- Name: tipoUserStory_tipouserstory_flujos tipoUserStory_tipouserstory_flujos_pkey; Type: CONSTRAINT; Schema: public; Owner: postgres
--

ALTER TABLE ONLY public."tipoUserStory_tipouserstory_flujos"
    ADD CONSTRAINT "tipoUserStory_tipouserstory_flujos_pkey" PRIMARY KEY (id);


--
-- TOC entry 3119 (class 2606 OID 51004)
-- Name: tipoUserStory_tipouserstory tipoUserStory_tipouserstory_pkey; Type: CONSTRAINT; Schema: public; Owner: postgres
--

ALTER TABLE ONLY public."tipoUserStory_tipouserstory"
    ADD CONSTRAINT "tipoUserStory_tipouserstory_pkey" PRIMARY KEY (id);


--
-- TOC entry 3126 (class 2606 OID 51030)
-- Name: tipoUserStory_tipouserstory_flujos tipouserstory_tipouserst_tipouserstory_id_flujo_i_02a3a3c7_uniq; Type: CONSTRAINT; Schema: public; Owner: postgres
--

ALTER TABLE ONLY public."tipoUserStory_tipouserstory_flujos"
    ADD CONSTRAINT tipouserstory_tipouserst_tipouserstory_id_flujo_i_02a3a3c7_uniq UNIQUE (tipouserstory_id, flujo_id);


--
-- TOC entry 3144 (class 2606 OID 51156)
-- Name: userstory_actividad userstory_actividad_pkey; Type: CONSTRAINT; Schema: public; Owner: postgres
--

ALTER TABLE ONLY public.userstory_actividad
    ADD CONSTRAINT userstory_actividad_pkey PRIMARY KEY (id);


--
-- TOC entry 3136 (class 2606 OID 51104)
-- Name: userstory_archivo userstory_archivo_pkey; Type: CONSTRAINT; Schema: public; Owner: postgres
--

ALTER TABLE ONLY public.userstory_archivo
    ADD CONSTRAINT userstory_archivo_pkey PRIMARY KEY (id);


--
-- TOC entry 3140 (class 2606 OID 51115)
-- Name: userstory_nota userstory_nota_pkey; Type: CONSTRAINT; Schema: public; Owner: postgres
--

ALTER TABLE ONLY public.userstory_nota
    ADD CONSTRAINT userstory_nota_pkey PRIMARY KEY (id);


--
-- TOC entry 3130 (class 2606 OID 51047)
-- Name: userstory_userstory userstory_userstory_pkey; Type: CONSTRAINT; Schema: public; Owner: postgres
--

ALTER TABLE ONLY public.userstory_userstory
    ADD CONSTRAINT userstory_userstory_pkey PRIMARY KEY (id);


--
-- TOC entry 3073 (class 2606 OID 50799)
-- Name: usuarios_usuario_groups usuarios_usuario_groups_pkey; Type: CONSTRAINT; Schema: public; Owner: postgres
--

ALTER TABLE ONLY public.usuarios_usuario_groups
    ADD CONSTRAINT usuarios_usuario_groups_pkey PRIMARY KEY (id);


--
-- TOC entry 3076 (class 2606 OID 50828)
-- Name: usuarios_usuario_groups usuarios_usuario_groups_usuario_id_group_id_4ed5b09e_uniq; Type: CONSTRAINT; Schema: public; Owner: postgres
--

ALTER TABLE ONLY public.usuarios_usuario_groups
    ADD CONSTRAINT usuarios_usuario_groups_usuario_id_group_id_4ed5b09e_uniq UNIQUE (usuario_id, group_id);


--
-- TOC entry 3079 (class 2606 OID 50807)
-- Name: usuarios_usuario_permisos usuarios_usuario_permisos_pkey; Type: CONSTRAINT; Schema: public; Owner: postgres
--

ALTER TABLE ONLY public.usuarios_usuario_permisos
    ADD CONSTRAINT usuarios_usuario_permisos_pkey PRIMARY KEY (id);


--
-- TOC entry 3082 (class 2606 OID 50842)
-- Name: usuarios_usuario_permisos usuarios_usuario_permisos_usuario_id_permiso_id_4098f0ba_uniq; Type: CONSTRAINT; Schema: public; Owner: postgres
--

ALTER TABLE ONLY public.usuarios_usuario_permisos
    ADD CONSTRAINT usuarios_usuario_permisos_usuario_id_permiso_id_4098f0ba_uniq UNIQUE (usuario_id, permiso_id);


--
-- TOC entry 3067 (class 2606 OID 50789)
-- Name: usuarios_usuario usuarios_usuario_pkey; Type: CONSTRAINT; Schema: public; Owner: postgres
--

ALTER TABLE ONLY public.usuarios_usuario
    ADD CONSTRAINT usuarios_usuario_pkey PRIMARY KEY (id);


--
-- TOC entry 3084 (class 2606 OID 50856)
-- Name: usuarios_usuario_user_permissions usuarios_usuario_user_pe_usuario_id_permission_id_217cadcd_uniq; Type: CONSTRAINT; Schema: public; Owner: postgres
--

ALTER TABLE ONLY public.usuarios_usuario_user_permissions
    ADD CONSTRAINT usuarios_usuario_user_pe_usuario_id_permission_id_217cadcd_uniq UNIQUE (usuario_id, permission_id);


--
-- TOC entry 3087 (class 2606 OID 50815)
-- Name: usuarios_usuario_user_permissions usuarios_usuario_user_permissions_pkey; Type: CONSTRAINT; Schema: public; Owner: postgres
--

ALTER TABLE ONLY public.usuarios_usuario_user_permissions
    ADD CONSTRAINT usuarios_usuario_user_permissions_pkey PRIMARY KEY (id);


--
-- TOC entry 3070 (class 2606 OID 50791)
-- Name: usuarios_usuario usuarios_usuario_username_key; Type: CONSTRAINT; Schema: public; Owner: postgres
--

ALTER TABLE ONLY public.usuarios_usuario
    ADD CONSTRAINT usuarios_usuario_username_key UNIQUE (username);


--
-- TOC entry 3055 (class 1259 OID 50764)
-- Name: auth_group_name_a6ea08ec_like; Type: INDEX; Schema: public; Owner: postgres
--

CREATE INDEX auth_group_name_a6ea08ec_like ON public.auth_group USING btree (name varchar_pattern_ops);


--
-- TOC entry 3060 (class 1259 OID 50777)
-- Name: auth_group_permissions_group_id_b120cbf9; Type: INDEX; Schema: public; Owner: postgres
--

CREATE INDEX auth_group_permissions_group_id_b120cbf9 ON public.auth_group_permissions USING btree (group_id);


--
-- TOC entry 3063 (class 1259 OID 50778)
-- Name: auth_group_permissions_permission_id_84c5c92e; Type: INDEX; Schema: public; Owner: postgres
--

CREATE INDEX auth_group_permissions_permission_id_84c5c92e ON public.auth_group_permissions USING btree (permission_id);


--
-- TOC entry 3050 (class 1259 OID 50763)
-- Name: auth_permission_content_type_id_2f476e4b; Type: INDEX; Schema: public; Owner: postgres
--

CREATE INDEX auth_permission_content_type_id_2f476e4b ON public.auth_permission USING btree (content_type_id);


--
-- TOC entry 3095 (class 1259 OID 50896)
-- Name: clientes_cliente_ruc_02216710_like; Type: INDEX; Schema: public; Owner: postgres
--

CREATE INDEX clientes_cliente_ruc_02216710_like ON public.clientes_cliente USING btree (ruc varchar_pattern_ops);


--
-- TOC entry 3089 (class 1259 OID 50881)
-- Name: django_admin_log_content_type_id_c4bce8eb; Type: INDEX; Schema: public; Owner: postgres
--

CREATE INDEX django_admin_log_content_type_id_c4bce8eb ON public.django_admin_log USING btree (content_type_id);


--
-- TOC entry 3092 (class 1259 OID 50882)
-- Name: django_admin_log_user_id_c564eba6; Type: INDEX; Schema: public; Owner: postgres
--

CREATE INDEX django_admin_log_user_id_c564eba6 ON public.django_admin_log USING btree (user_id);


--
-- TOC entry 3111 (class 1259 OID 50979)
-- Name: django_session_expire_date_a5c62663; Type: INDEX; Schema: public; Owner: postgres
--

CREATE INDEX django_session_expire_date_a5c62663 ON public.django_session USING btree (expire_date);


--
-- TOC entry 3114 (class 1259 OID 50978)
-- Name: django_session_session_key_c0390e0f_like; Type: INDEX; Schema: public; Owner: postgres
--

CREATE INDEX django_session_session_key_c0390e0f_like ON public.django_session USING btree (session_key varchar_pattern_ops);


--
-- TOC entry 3105 (class 1259 OID 50953)
-- Name: flujo_fase_flujo_id_d39dd2e5; Type: INDEX; Schema: public; Owner: postgres
--

CREATE INDEX flujo_fase_flujo_id_d39dd2e5 ON public.flujo_fase USING btree (flujo_id);


--
-- TOC entry 3110 (class 1259 OID 50947)
-- Name: flujo_flujo_proyecto_id_48fd0611; Type: INDEX; Schema: public; Owner: postgres
--

CREATE INDEX flujo_flujo_proyecto_id_48fd0611 ON public.flujo_flujo USING btree (proyecto_id);


--
-- TOC entry 3102 (class 1259 OID 50926)
-- Name: proyecto_teammember_proyecto_id_e429383f; Type: INDEX; Schema: public; Owner: postgres
--

CREATE INDEX proyecto_teammember_proyecto_id_e429383f ON public.proyecto_teammember USING btree (proyecto_id);


--
-- TOC entry 3103 (class 1259 OID 50927)
-- Name: proyecto_teammember_rol_id_bf8bd91a; Type: INDEX; Schema: public; Owner: postgres
--

CREATE INDEX proyecto_teammember_rol_id_bf8bd91a ON public.proyecto_teammember USING btree (rol_id);


--
-- TOC entry 3104 (class 1259 OID 50959)
-- Name: proyecto_teammember_usuario_id_2c9f2c76; Type: INDEX; Schema: public; Owner: postgres
--

CREATE INDEX proyecto_teammember_usuario_id_2c9f2c76 ON public.proyecto_teammember USING btree (usuario_id);


--
-- TOC entry 3035 (class 1259 OID 50705)
-- Name: rol_rol_nombre_48d13cf6_like; Type: INDEX; Schema: public; Owner: postgres
--

CREATE INDEX rol_rol_nombre_48d13cf6_like ON public.rol_rol USING btree (nombre varchar_pattern_ops);


--
-- TOC entry 3040 (class 1259 OID 50719)
-- Name: rol_rol_permisos_permiso_id_bedf62a8; Type: INDEX; Schema: public; Owner: postgres
--

CREATE INDEX rol_rol_permisos_permiso_id_bedf62a8 ON public.rol_rol_permisos USING btree (permiso_id);


--
-- TOC entry 3043 (class 1259 OID 50718)
-- Name: rol_rol_permisos_rol_id_0b04dd57; Type: INDEX; Schema: public; Owner: postgres
--

CREATE INDEX rol_rol_permisos_rol_id_0b04dd57 ON public.rol_rol_permisos USING btree (rol_id);


--
-- TOC entry 3117 (class 1259 OID 50993)
-- Name: sprint_sprint_proyecto_id_119395d9; Type: INDEX; Schema: public; Owner: postgres
--

CREATE INDEX sprint_sprint_proyecto_id_119395d9 ON public.sprint_sprint USING btree (proyecto_id);


--
-- TOC entry 3121 (class 1259 OID 51032)
-- Name: tipoUserStory_tipouserstory_flujos_flujo_id_0b349703; Type: INDEX; Schema: public; Owner: postgres
--

CREATE INDEX "tipoUserStory_tipouserstory_flujos_flujo_id_0b349703" ON public."tipoUserStory_tipouserstory_flujos" USING btree (flujo_id);


--
-- TOC entry 3124 (class 1259 OID 51031)
-- Name: tipoUserStory_tipouserstory_flujos_tipouserstory_id_a4c17589; Type: INDEX; Schema: public; Owner: postgres
--

CREATE INDEX "tipoUserStory_tipouserstory_flujos_tipouserstory_id_a4c17589" ON public."tipoUserStory_tipouserstory_flujos" USING btree (tipouserstory_id);


--
-- TOC entry 3120 (class 1259 OID 51018)
-- Name: tipoUserStory_tipouserstory_proyecto_id_b06b1ab8; Type: INDEX; Schema: public; Owner: postgres
--

CREATE INDEX "tipoUserStory_tipouserstory_proyecto_id_b06b1ab8" ON public."tipoUserStory_tipouserstory" USING btree (proyecto_id);


--
-- TOC entry 3145 (class 1259 OID 51167)
-- Name: userstory_actividad_us_id_e163dd84; Type: INDEX; Schema: public; Owner: postgres
--

CREATE INDEX userstory_actividad_us_id_e163dd84 ON public.userstory_actividad USING btree (us_id);


--
-- TOC entry 3146 (class 1259 OID 51168)
-- Name: userstory_actividad_usuario_id_71c0a10b; Type: INDEX; Schema: public; Owner: postgres
--

CREATE INDEX userstory_actividad_usuario_id_71c0a10b ON public.userstory_actividad USING btree (usuario_id);


--
-- TOC entry 3137 (class 1259 OID 51132)
-- Name: userstory_archivo_us_id_48105005; Type: INDEX; Schema: public; Owner: postgres
--

CREATE INDEX userstory_archivo_us_id_48105005 ON public.userstory_archivo USING btree (us_id);


--
-- TOC entry 3138 (class 1259 OID 51133)
-- Name: userstory_archivo_usuario_id_4e32718c; Type: INDEX; Schema: public; Owner: postgres
--

CREATE INDEX userstory_archivo_usuario_id_4e32718c ON public.userstory_archivo USING btree (usuario_id);


--
-- TOC entry 3141 (class 1259 OID 51144)
-- Name: userstory_nota_us_id_40ee4694; Type: INDEX; Schema: public; Owner: postgres
--

CREATE INDEX userstory_nota_us_id_40ee4694 ON public.userstory_nota USING btree (us_id);


--
-- TOC entry 3142 (class 1259 OID 51145)
-- Name: userstory_nota_usuario_id_759ca2be; Type: INDEX; Schema: public; Owner: postgres
--

CREATE INDEX userstory_nota_usuario_id_759ca2be ON public.userstory_nota USING btree (usuario_id);


--
-- TOC entry 3127 (class 1259 OID 51080)
-- Name: userstory_userstory_fase_id_e5347d9b; Type: INDEX; Schema: public; Owner: postgres
--

CREATE INDEX userstory_userstory_fase_id_e5347d9b ON public.userstory_userstory USING btree (fase_id);


--
-- TOC entry 3128 (class 1259 OID 51067)
-- Name: userstory_userstory_flujo_id_8a9cd71d; Type: INDEX; Schema: public; Owner: postgres
--

CREATE INDEX userstory_userstory_flujo_id_8a9cd71d ON public.userstory_userstory USING btree (flujo_id);


--
-- TOC entry 3131 (class 1259 OID 51058)
-- Name: userstory_userstory_proyecto_id_81fe69a3; Type: INDEX; Schema: public; Owner: postgres
--

CREATE INDEX userstory_userstory_proyecto_id_81fe69a3 ON public.userstory_userstory USING btree (proyecto_id);


--
-- TOC entry 3132 (class 1259 OID 51059)
-- Name: userstory_userstory_sprint_id_2b178521; Type: INDEX; Schema: public; Owner: postgres
--

CREATE INDEX userstory_userstory_sprint_id_2b178521 ON public.userstory_userstory USING btree (sprint_id);


--
-- TOC entry 3133 (class 1259 OID 51060)
-- Name: userstory_userstory_team_member_id_43a7fd91; Type: INDEX; Schema: public; Owner: postgres
--

CREATE INDEX userstory_userstory_team_member_id_43a7fd91 ON public.userstory_userstory USING btree (team_member_id);


--
-- TOC entry 3134 (class 1259 OID 51073)
-- Name: userstory_userstory_tipo_us_id_e254c662; Type: INDEX; Schema: public; Owner: postgres
--

CREATE INDEX userstory_userstory_tipo_us_id_e254c662 ON public.userstory_userstory USING btree (tipo_us_id);


--
-- TOC entry 3071 (class 1259 OID 50830)
-- Name: usuarios_usuario_groups_group_id_e77f6dcf; Type: INDEX; Schema: public; Owner: postgres
--

CREATE INDEX usuarios_usuario_groups_group_id_e77f6dcf ON public.usuarios_usuario_groups USING btree (group_id);


--
-- TOC entry 3074 (class 1259 OID 50829)
-- Name: usuarios_usuario_groups_usuario_id_7a34077f; Type: INDEX; Schema: public; Owner: postgres
--

CREATE INDEX usuarios_usuario_groups_usuario_id_7a34077f ON public.usuarios_usuario_groups USING btree (usuario_id);


--
-- TOC entry 3077 (class 1259 OID 50844)
-- Name: usuarios_usuario_permisos_permiso_id_59046850; Type: INDEX; Schema: public; Owner: postgres
--

CREATE INDEX usuarios_usuario_permisos_permiso_id_59046850 ON public.usuarios_usuario_permisos USING btree (permiso_id);


--
-- TOC entry 3080 (class 1259 OID 50843)
-- Name: usuarios_usuario_permisos_usuario_id_e23dafe6; Type: INDEX; Schema: public; Owner: postgres
--

CREATE INDEX usuarios_usuario_permisos_usuario_id_e23dafe6 ON public.usuarios_usuario_permisos USING btree (usuario_id);


--
-- TOC entry 3085 (class 1259 OID 50858)
-- Name: usuarios_usuario_user_permissions_permission_id_4e5c0f2f; Type: INDEX; Schema: public; Owner: postgres
--

CREATE INDEX usuarios_usuario_user_permissions_permission_id_4e5c0f2f ON public.usuarios_usuario_user_permissions USING btree (permission_id);


--
-- TOC entry 3088 (class 1259 OID 50857)
-- Name: usuarios_usuario_user_permissions_usuario_id_60aeea80; Type: INDEX; Schema: public; Owner: postgres
--

CREATE INDEX usuarios_usuario_user_permissions_usuario_id_60aeea80 ON public.usuarios_usuario_user_permissions USING btree (usuario_id);


--
-- TOC entry 3068 (class 1259 OID 50816)
-- Name: usuarios_usuario_username_be9def2b_like; Type: INDEX; Schema: public; Owner: postgres
--

CREATE INDEX usuarios_usuario_username_be9def2b_like ON public.usuarios_usuario USING btree (username varchar_pattern_ops);


--
-- TOC entry 3151 (class 2606 OID 50770)
-- Name: auth_group_permissions auth_group_permissio_permission_id_84c5c92e_fk_auth_perm; Type: FK CONSTRAINT; Schema: public; Owner: postgres
--

ALTER TABLE ONLY public.auth_group_permissions
    ADD CONSTRAINT auth_group_permissio_permission_id_84c5c92e_fk_auth_perm FOREIGN KEY (permission_id) REFERENCES public.auth_permission(id) DEFERRABLE INITIALLY DEFERRED;


--
-- TOC entry 3150 (class 2606 OID 50765)
-- Name: auth_group_permissions auth_group_permissions_group_id_b120cbf9_fk_auth_group_id; Type: FK CONSTRAINT; Schema: public; Owner: postgres
--

ALTER TABLE ONLY public.auth_group_permissions
    ADD CONSTRAINT auth_group_permissions_group_id_b120cbf9_fk_auth_group_id FOREIGN KEY (group_id) REFERENCES public.auth_group(id) DEFERRABLE INITIALLY DEFERRED;


--
-- TOC entry 3149 (class 2606 OID 50756)
-- Name: auth_permission auth_permission_content_type_id_2f476e4b_fk_django_co; Type: FK CONSTRAINT; Schema: public; Owner: postgres
--

ALTER TABLE ONLY public.auth_permission
    ADD CONSTRAINT auth_permission_content_type_id_2f476e4b_fk_django_co FOREIGN KEY (content_type_id) REFERENCES public.django_content_type(id) DEFERRABLE INITIALLY DEFERRED;


--
-- TOC entry 3158 (class 2606 OID 50871)
-- Name: django_admin_log django_admin_log_content_type_id_c4bce8eb_fk_django_co; Type: FK CONSTRAINT; Schema: public; Owner: postgres
--

ALTER TABLE ONLY public.django_admin_log
    ADD CONSTRAINT django_admin_log_content_type_id_c4bce8eb_fk_django_co FOREIGN KEY (content_type_id) REFERENCES public.django_content_type(id) DEFERRABLE INITIALLY DEFERRED;


--
-- TOC entry 3159 (class 2606 OID 50876)
-- Name: django_admin_log django_admin_log_user_id_c564eba6_fk_usuarios_usuario_id; Type: FK CONSTRAINT; Schema: public; Owner: postgres
--

ALTER TABLE ONLY public.django_admin_log
    ADD CONSTRAINT django_admin_log_user_id_c564eba6_fk_usuarios_usuario_id FOREIGN KEY (user_id) REFERENCES public.usuarios_usuario(id) DEFERRABLE INITIALLY DEFERRED;


--
-- TOC entry 3163 (class 2606 OID 50954)
-- Name: flujo_fase flujo_fase_flujo_id_d39dd2e5_fk_flujo_flujo_id; Type: FK CONSTRAINT; Schema: public; Owner: postgres
--

ALTER TABLE ONLY public.flujo_fase
    ADD CONSTRAINT flujo_fase_flujo_id_d39dd2e5_fk_flujo_flujo_id FOREIGN KEY (flujo_id) REFERENCES public.flujo_flujo(id) DEFERRABLE INITIALLY DEFERRED;


--
-- TOC entry 3164 (class 2606 OID 50948)
-- Name: flujo_flujo flujo_flujo_proyecto_id_48fd0611_fk_proyecto_proyecto_id; Type: FK CONSTRAINT; Schema: public; Owner: postgres
--

ALTER TABLE ONLY public.flujo_flujo
    ADD CONSTRAINT flujo_flujo_proyecto_id_48fd0611_fk_proyecto_proyecto_id FOREIGN KEY (proyecto_id) REFERENCES public.proyecto_proyecto(id) DEFERRABLE INITIALLY DEFERRED;


--
-- TOC entry 3160 (class 2606 OID 50916)
-- Name: proyecto_teammember proyecto_teammember_proyecto_id_e429383f_fk_proyecto_; Type: FK CONSTRAINT; Schema: public; Owner: postgres
--

ALTER TABLE ONLY public.proyecto_teammember
    ADD CONSTRAINT proyecto_teammember_proyecto_id_e429383f_fk_proyecto_ FOREIGN KEY (proyecto_id) REFERENCES public.proyecto_proyecto(id) DEFERRABLE INITIALLY DEFERRED;


--
-- TOC entry 3161 (class 2606 OID 50921)
-- Name: proyecto_teammember proyecto_teammember_rol_id_bf8bd91a_fk_rol_rol_id; Type: FK CONSTRAINT; Schema: public; Owner: postgres
--

ALTER TABLE ONLY public.proyecto_teammember
    ADD CONSTRAINT proyecto_teammember_rol_id_bf8bd91a_fk_rol_rol_id FOREIGN KEY (rol_id) REFERENCES public.rol_rol(id) DEFERRABLE INITIALLY DEFERRED;


--
-- TOC entry 3162 (class 2606 OID 50960)
-- Name: proyecto_teammember proyecto_teammember_usuario_id_2c9f2c76_fk_usuarios_usuario_id; Type: FK CONSTRAINT; Schema: public; Owner: postgres
--

ALTER TABLE ONLY public.proyecto_teammember
    ADD CONSTRAINT proyecto_teammember_usuario_id_2c9f2c76_fk_usuarios_usuario_id FOREIGN KEY (usuario_id) REFERENCES public.usuarios_usuario(id) DEFERRABLE INITIALLY DEFERRED;


--
-- TOC entry 3148 (class 2606 OID 50711)
-- Name: rol_rol_permisos rol_rol_permisos_permiso_id_bedf62a8_fk_rol_permiso_id; Type: FK CONSTRAINT; Schema: public; Owner: postgres
--

ALTER TABLE ONLY public.rol_rol_permisos
    ADD CONSTRAINT rol_rol_permisos_permiso_id_bedf62a8_fk_rol_permiso_id FOREIGN KEY (permiso_id) REFERENCES public.rol_permiso(id) DEFERRABLE INITIALLY DEFERRED;


--
-- TOC entry 3147 (class 2606 OID 50706)
-- Name: rol_rol_permisos rol_rol_permisos_rol_id_0b04dd57_fk_rol_rol_id; Type: FK CONSTRAINT; Schema: public; Owner: postgres
--

ALTER TABLE ONLY public.rol_rol_permisos
    ADD CONSTRAINT rol_rol_permisos_rol_id_0b04dd57_fk_rol_rol_id FOREIGN KEY (rol_id) REFERENCES public.rol_rol(id) DEFERRABLE INITIALLY DEFERRED;


--
-- TOC entry 3165 (class 2606 OID 50988)
-- Name: sprint_sprint sprint_sprint_proyecto_id_119395d9_fk_proyecto_proyecto_id; Type: FK CONSTRAINT; Schema: public; Owner: postgres
--

ALTER TABLE ONLY public.sprint_sprint
    ADD CONSTRAINT sprint_sprint_proyecto_id_119395d9_fk_proyecto_proyecto_id FOREIGN KEY (proyecto_id) REFERENCES public.proyecto_proyecto(id) DEFERRABLE INITIALLY DEFERRED;


--
-- TOC entry 3168 (class 2606 OID 51024)
-- Name: tipoUserStory_tipouserstory_flujos tipoUserStory_tipous_flujo_id_0b349703_fk_flujo_flu; Type: FK CONSTRAINT; Schema: public; Owner: postgres
--

ALTER TABLE ONLY public."tipoUserStory_tipouserstory_flujos"
    ADD CONSTRAINT "tipoUserStory_tipous_flujo_id_0b349703_fk_flujo_flu" FOREIGN KEY (flujo_id) REFERENCES public.flujo_flujo(id) DEFERRABLE INITIALLY DEFERRED;


--
-- TOC entry 3166 (class 2606 OID 51013)
-- Name: tipoUserStory_tipouserstory tipoUserStory_tipous_proyecto_id_b06b1ab8_fk_proyecto_; Type: FK CONSTRAINT; Schema: public; Owner: postgres
--

ALTER TABLE ONLY public."tipoUserStory_tipouserstory"
    ADD CONSTRAINT "tipoUserStory_tipous_proyecto_id_b06b1ab8_fk_proyecto_" FOREIGN KEY (proyecto_id) REFERENCES public.proyecto_proyecto(id) DEFERRABLE INITIALLY DEFERRED;


--
-- TOC entry 3167 (class 2606 OID 51019)
-- Name: tipoUserStory_tipouserstory_flujos tipoUserStory_tipous_tipouserstory_id_a4c17589_fk_tipoUserS; Type: FK CONSTRAINT; Schema: public; Owner: postgres
--

ALTER TABLE ONLY public."tipoUserStory_tipouserstory_flujos"
    ADD CONSTRAINT "tipoUserStory_tipous_tipouserstory_id_a4c17589_fk_tipoUserS" FOREIGN KEY (tipouserstory_id) REFERENCES public."tipoUserStory_tipouserstory"(id) DEFERRABLE INITIALLY DEFERRED;


--
-- TOC entry 3179 (class 2606 OID 51157)
-- Name: userstory_actividad userstory_actividad_us_id_e163dd84_fk_userstory_userstory_id; Type: FK CONSTRAINT; Schema: public; Owner: postgres
--

ALTER TABLE ONLY public.userstory_actividad
    ADD CONSTRAINT userstory_actividad_us_id_e163dd84_fk_userstory_userstory_id FOREIGN KEY (us_id) REFERENCES public.userstory_userstory(id) DEFERRABLE INITIALLY DEFERRED;


--
-- TOC entry 3180 (class 2606 OID 51162)
-- Name: userstory_actividad userstory_actividad_usuario_id_71c0a10b_fk_usuarios_usuario_id; Type: FK CONSTRAINT; Schema: public; Owner: postgres
--

ALTER TABLE ONLY public.userstory_actividad
    ADD CONSTRAINT userstory_actividad_usuario_id_71c0a10b_fk_usuarios_usuario_id FOREIGN KEY (usuario_id) REFERENCES public.usuarios_usuario(id) DEFERRABLE INITIALLY DEFERRED;


--
-- TOC entry 3175 (class 2606 OID 51122)
-- Name: userstory_archivo userstory_archivo_us_id_48105005_fk_userstory_userstory_id; Type: FK CONSTRAINT; Schema: public; Owner: postgres
--

ALTER TABLE ONLY public.userstory_archivo
    ADD CONSTRAINT userstory_archivo_us_id_48105005_fk_userstory_userstory_id FOREIGN KEY (us_id) REFERENCES public.userstory_userstory(id) DEFERRABLE INITIALLY DEFERRED;


--
-- TOC entry 3176 (class 2606 OID 51127)
-- Name: userstory_archivo userstory_archivo_usuario_id_4e32718c_fk_usuarios_usuario_id; Type: FK CONSTRAINT; Schema: public; Owner: postgres
--

ALTER TABLE ONLY public.userstory_archivo
    ADD CONSTRAINT userstory_archivo_usuario_id_4e32718c_fk_usuarios_usuario_id FOREIGN KEY (usuario_id) REFERENCES public.usuarios_usuario(id) DEFERRABLE INITIALLY DEFERRED;


--
-- TOC entry 3177 (class 2606 OID 51134)
-- Name: userstory_nota userstory_nota_us_id_40ee4694_fk_userstory_userstory_id; Type: FK CONSTRAINT; Schema: public; Owner: postgres
--

ALTER TABLE ONLY public.userstory_nota
    ADD CONSTRAINT userstory_nota_us_id_40ee4694_fk_userstory_userstory_id FOREIGN KEY (us_id) REFERENCES public.userstory_userstory(id) DEFERRABLE INITIALLY DEFERRED;


--
-- TOC entry 3178 (class 2606 OID 51139)
-- Name: userstory_nota userstory_nota_usuario_id_759ca2be_fk_usuarios_usuario_id; Type: FK CONSTRAINT; Schema: public; Owner: postgres
--

ALTER TABLE ONLY public.userstory_nota
    ADD CONSTRAINT userstory_nota_usuario_id_759ca2be_fk_usuarios_usuario_id FOREIGN KEY (usuario_id) REFERENCES public.usuarios_usuario(id) DEFERRABLE INITIALLY DEFERRED;


--
-- TOC entry 3170 (class 2606 OID 51212)
-- Name: userstory_userstory userstory_userstory_fase_id_e5347d9b_fk_flujo_fase_id; Type: FK CONSTRAINT; Schema: public; Owner: postgres
--

ALTER TABLE ONLY public.userstory_userstory
    ADD CONSTRAINT userstory_userstory_fase_id_e5347d9b_fk_flujo_fase_id FOREIGN KEY (fase_id) REFERENCES public.flujo_fase(id) DEFERRABLE INITIALLY DEFERRED;


--
-- TOC entry 3171 (class 2606 OID 51217)
-- Name: userstory_userstory userstory_userstory_flujo_id_8a9cd71d_fk_flujo_flujo_id; Type: FK CONSTRAINT; Schema: public; Owner: postgres
--

ALTER TABLE ONLY public.userstory_userstory
    ADD CONSTRAINT userstory_userstory_flujo_id_8a9cd71d_fk_flujo_flujo_id FOREIGN KEY (flujo_id) REFERENCES public.flujo_flujo(id) DEFERRABLE INITIALLY DEFERRED;


--
-- TOC entry 3172 (class 2606 OID 51222)
-- Name: userstory_userstory userstory_userstory_proyecto_id_81fe69a3_fk_proyecto_; Type: FK CONSTRAINT; Schema: public; Owner: postgres
--

ALTER TABLE ONLY public.userstory_userstory
    ADD CONSTRAINT userstory_userstory_proyecto_id_81fe69a3_fk_proyecto_ FOREIGN KEY (proyecto_id) REFERENCES public.proyecto_proyecto(id) DEFERRABLE INITIALLY DEFERRED;


--
-- TOC entry 3169 (class 2606 OID 51053)
-- Name: userstory_userstory userstory_userstory_sprint_id_2b178521_fk_sprint_sprint_id; Type: FK CONSTRAINT; Schema: public; Owner: postgres
--

ALTER TABLE ONLY public.userstory_userstory
    ADD CONSTRAINT userstory_userstory_sprint_id_2b178521_fk_sprint_sprint_id FOREIGN KEY (sprint_id) REFERENCES public.sprint_sprint(id) DEFERRABLE INITIALLY DEFERRED;


--
-- TOC entry 3173 (class 2606 OID 51227)
-- Name: userstory_userstory userstory_userstory_team_member_id_43a7fd91_fk_usuarios_; Type: FK CONSTRAINT; Schema: public; Owner: postgres
--

ALTER TABLE ONLY public.userstory_userstory
    ADD CONSTRAINT userstory_userstory_team_member_id_43a7fd91_fk_usuarios_ FOREIGN KEY (team_member_id) REFERENCES public.usuarios_usuario(id) DEFERRABLE INITIALLY DEFERRED;


--
-- TOC entry 3174 (class 2606 OID 51232)
-- Name: userstory_userstory userstory_userstory_tipo_us_id_e254c662_fk_tipoUserS; Type: FK CONSTRAINT; Schema: public; Owner: postgres
--

ALTER TABLE ONLY public.userstory_userstory
    ADD CONSTRAINT "userstory_userstory_tipo_us_id_e254c662_fk_tipoUserS" FOREIGN KEY (tipo_us_id) REFERENCES public."tipoUserStory_tipouserstory"(id) DEFERRABLE INITIALLY DEFERRED;


--
-- TOC entry 3152 (class 2606 OID 50817)
-- Name: usuarios_usuario_groups usuarios_usuario_gro_usuario_id_7a34077f_fk_usuarios_; Type: FK CONSTRAINT; Schema: public; Owner: postgres
--

ALTER TABLE ONLY public.usuarios_usuario_groups
    ADD CONSTRAINT usuarios_usuario_gro_usuario_id_7a34077f_fk_usuarios_ FOREIGN KEY (usuario_id) REFERENCES public.usuarios_usuario(id) DEFERRABLE INITIALLY DEFERRED;


--
-- TOC entry 3153 (class 2606 OID 50822)
-- Name: usuarios_usuario_groups usuarios_usuario_groups_group_id_e77f6dcf_fk_auth_group_id; Type: FK CONSTRAINT; Schema: public; Owner: postgres
--

ALTER TABLE ONLY public.usuarios_usuario_groups
    ADD CONSTRAINT usuarios_usuario_groups_group_id_e77f6dcf_fk_auth_group_id FOREIGN KEY (group_id) REFERENCES public.auth_group(id) DEFERRABLE INITIALLY DEFERRED;


--
-- TOC entry 3154 (class 2606 OID 50831)
-- Name: usuarios_usuario_permisos usuarios_usuario_per_usuario_id_e23dafe6_fk_usuarios_; Type: FK CONSTRAINT; Schema: public; Owner: postgres
--

ALTER TABLE ONLY public.usuarios_usuario_permisos
    ADD CONSTRAINT usuarios_usuario_per_usuario_id_e23dafe6_fk_usuarios_ FOREIGN KEY (usuario_id) REFERENCES public.usuarios_usuario(id) DEFERRABLE INITIALLY DEFERRED;


--
-- TOC entry 3155 (class 2606 OID 50836)
-- Name: usuarios_usuario_permisos usuarios_usuario_permisos_permiso_id_59046850_fk_rol_permiso_id; Type: FK CONSTRAINT; Schema: public; Owner: postgres
--

ALTER TABLE ONLY public.usuarios_usuario_permisos
    ADD CONSTRAINT usuarios_usuario_permisos_permiso_id_59046850_fk_rol_permiso_id FOREIGN KEY (permiso_id) REFERENCES public.rol_permiso(id) DEFERRABLE INITIALLY DEFERRED;


--
-- TOC entry 3157 (class 2606 OID 50850)
-- Name: usuarios_usuario_user_permissions usuarios_usuario_use_permission_id_4e5c0f2f_fk_auth_perm; Type: FK CONSTRAINT; Schema: public; Owner: postgres
--

ALTER TABLE ONLY public.usuarios_usuario_user_permissions
    ADD CONSTRAINT usuarios_usuario_use_permission_id_4e5c0f2f_fk_auth_perm FOREIGN KEY (permission_id) REFERENCES public.auth_permission(id) DEFERRABLE INITIALLY DEFERRED;


--
-- TOC entry 3156 (class 2606 OID 50845)
-- Name: usuarios_usuario_user_permissions usuarios_usuario_use_usuario_id_60aeea80_fk_usuarios_; Type: FK CONSTRAINT; Schema: public; Owner: postgres
--

ALTER TABLE ONLY public.usuarios_usuario_user_permissions
    ADD CONSTRAINT usuarios_usuario_use_usuario_id_60aeea80_fk_usuarios_ FOREIGN KEY (usuario_id) REFERENCES public.usuarios_usuario(id) DEFERRABLE INITIALLY DEFERRED;


-- Completed on 2019-05-14 13:27:40 -04

--
-- PostgreSQL database dump complete
--

