--
-- PostgreSQL database dump
--

-- Dumped from database version 10.8 (Ubuntu 10.8-0ubuntu0.18.04.1)
-- Dumped by pg_dump version 10.8 (Ubuntu 10.8-0ubuntu0.18.04.1)

-- Started on 2019-05-23 10:29:10 -04

SET statement_timeout = 0;
SET lock_timeout = 0;
SET idle_in_transaction_session_timeout = 0;
SET client_encoding = 'UTF8';
SET standard_conforming_strings = on;
SELECT pg_catalog.set_config('search_path', '', false);
SET check_function_bodies = false;
SET xmloption = content;
SET client_min_messages = warning;
SET row_security = off;

--
-- TOC entry 1 (class 3079 OID 13081)
-- Name: plpgsql; Type: EXTENSION; Schema: -; Owner: 
--

CREATE EXTENSION IF NOT EXISTS plpgsql WITH SCHEMA pg_catalog;


--
-- TOC entry 3377 (class 0 OID 0)
-- Dependencies: 1
-- Name: EXTENSION plpgsql; Type: COMMENT; Schema: -; Owner: 
--

COMMENT ON EXTENSION plpgsql IS 'PL/pgSQL procedural language';


SET default_tablespace = '';

SET default_with_oids = false;

--
-- TOC entry 209 (class 1259 OID 31645)
-- Name: auth_group; Type: TABLE; Schema: public; Owner: postgres
--

CREATE TABLE public.auth_group (
    id integer NOT NULL,
    name character varying(80) NOT NULL
);


ALTER TABLE public.auth_group OWNER TO postgres;

--
-- TOC entry 208 (class 1259 OID 31643)
-- Name: auth_group_id_seq; Type: SEQUENCE; Schema: public; Owner: postgres
--

CREATE SEQUENCE public.auth_group_id_seq
    AS integer
    START WITH 1
    INCREMENT BY 1
    NO MINVALUE
    NO MAXVALUE
    CACHE 1;


ALTER TABLE public.auth_group_id_seq OWNER TO postgres;

--
-- TOC entry 3378 (class 0 OID 0)
-- Dependencies: 208
-- Name: auth_group_id_seq; Type: SEQUENCE OWNED BY; Schema: public; Owner: postgres
--

ALTER SEQUENCE public.auth_group_id_seq OWNED BY public.auth_group.id;


--
-- TOC entry 211 (class 1259 OID 31655)
-- Name: auth_group_permissions; Type: TABLE; Schema: public; Owner: postgres
--

CREATE TABLE public.auth_group_permissions (
    id integer NOT NULL,
    group_id integer NOT NULL,
    permission_id integer NOT NULL
);


ALTER TABLE public.auth_group_permissions OWNER TO postgres;

--
-- TOC entry 210 (class 1259 OID 31653)
-- Name: auth_group_permissions_id_seq; Type: SEQUENCE; Schema: public; Owner: postgres
--

CREATE SEQUENCE public.auth_group_permissions_id_seq
    AS integer
    START WITH 1
    INCREMENT BY 1
    NO MINVALUE
    NO MAXVALUE
    CACHE 1;


ALTER TABLE public.auth_group_permissions_id_seq OWNER TO postgres;

--
-- TOC entry 3379 (class 0 OID 0)
-- Dependencies: 210
-- Name: auth_group_permissions_id_seq; Type: SEQUENCE OWNED BY; Schema: public; Owner: postgres
--

ALTER SEQUENCE public.auth_group_permissions_id_seq OWNED BY public.auth_group_permissions.id;


--
-- TOC entry 207 (class 1259 OID 31637)
-- Name: auth_permission; Type: TABLE; Schema: public; Owner: postgres
--

CREATE TABLE public.auth_permission (
    id integer NOT NULL,
    name character varying(255) NOT NULL,
    content_type_id integer NOT NULL,
    codename character varying(100) NOT NULL
);


ALTER TABLE public.auth_permission OWNER TO postgres;

--
-- TOC entry 206 (class 1259 OID 31635)
-- Name: auth_permission_id_seq; Type: SEQUENCE; Schema: public; Owner: postgres
--

CREATE SEQUENCE public.auth_permission_id_seq
    AS integer
    START WITH 1
    INCREMENT BY 1
    NO MINVALUE
    NO MAXVALUE
    CACHE 1;


ALTER TABLE public.auth_permission_id_seq OWNER TO postgres;

--
-- TOC entry 3380 (class 0 OID 0)
-- Dependencies: 206
-- Name: auth_permission_id_seq; Type: SEQUENCE OWNED BY; Schema: public; Owner: postgres
--

ALTER SEQUENCE public.auth_permission_id_seq OWNED BY public.auth_permission.id;


--
-- TOC entry 223 (class 1259 OID 31790)
-- Name: clientes_cliente; Type: TABLE; Schema: public; Owner: postgres
--

CREATE TABLE public.clientes_cliente (
    id integer NOT NULL,
    nombre character varying(100) NOT NULL,
    descripcion text,
    direccion character varying(200),
    ruc character varying(50),
    telefono character varying(30) NOT NULL
);


ALTER TABLE public.clientes_cliente OWNER TO postgres;

--
-- TOC entry 222 (class 1259 OID 31788)
-- Name: clientes_cliente_id_seq; Type: SEQUENCE; Schema: public; Owner: postgres
--

CREATE SEQUENCE public.clientes_cliente_id_seq
    AS integer
    START WITH 1
    INCREMENT BY 1
    NO MINVALUE
    NO MAXVALUE
    CACHE 1;


ALTER TABLE public.clientes_cliente_id_seq OWNER TO postgres;

--
-- TOC entry 3381 (class 0 OID 0)
-- Dependencies: 222
-- Name: clientes_cliente_id_seq; Type: SEQUENCE OWNED BY; Schema: public; Owner: postgres
--

ALTER SEQUENCE public.clientes_cliente_id_seq OWNED BY public.clientes_cliente.id;


--
-- TOC entry 221 (class 1259 OID 31766)
-- Name: django_admin_log; Type: TABLE; Schema: public; Owner: postgres
--

CREATE TABLE public.django_admin_log (
    id integer NOT NULL,
    action_time timestamp with time zone NOT NULL,
    object_id text,
    object_repr character varying(200) NOT NULL,
    action_flag smallint NOT NULL,
    change_message text NOT NULL,
    content_type_id integer,
    user_id integer NOT NULL,
    CONSTRAINT django_admin_log_action_flag_check CHECK ((action_flag >= 0))
);


ALTER TABLE public.django_admin_log OWNER TO postgres;

--
-- TOC entry 220 (class 1259 OID 31764)
-- Name: django_admin_log_id_seq; Type: SEQUENCE; Schema: public; Owner: postgres
--

CREATE SEQUENCE public.django_admin_log_id_seq
    AS integer
    START WITH 1
    INCREMENT BY 1
    NO MINVALUE
    NO MAXVALUE
    CACHE 1;


ALTER TABLE public.django_admin_log_id_seq OWNER TO postgres;

--
-- TOC entry 3382 (class 0 OID 0)
-- Dependencies: 220
-- Name: django_admin_log_id_seq; Type: SEQUENCE OWNED BY; Schema: public; Owner: postgres
--

ALTER SEQUENCE public.django_admin_log_id_seq OWNED BY public.django_admin_log.id;


--
-- TOC entry 205 (class 1259 OID 31627)
-- Name: django_content_type; Type: TABLE; Schema: public; Owner: postgres
--

CREATE TABLE public.django_content_type (
    id integer NOT NULL,
    app_label character varying(100) NOT NULL,
    model character varying(100) NOT NULL
);


ALTER TABLE public.django_content_type OWNER TO postgres;

--
-- TOC entry 204 (class 1259 OID 31625)
-- Name: django_content_type_id_seq; Type: SEQUENCE; Schema: public; Owner: postgres
--

CREATE SEQUENCE public.django_content_type_id_seq
    AS integer
    START WITH 1
    INCREMENT BY 1
    NO MINVALUE
    NO MAXVALUE
    CACHE 1;


ALTER TABLE public.django_content_type_id_seq OWNER TO postgres;

--
-- TOC entry 3383 (class 0 OID 0)
-- Dependencies: 204
-- Name: django_content_type_id_seq; Type: SEQUENCE OWNED BY; Schema: public; Owner: postgres
--

ALTER SEQUENCE public.django_content_type_id_seq OWNED BY public.django_content_type.id;


--
-- TOC entry 197 (class 1259 OID 31572)
-- Name: django_migrations; Type: TABLE; Schema: public; Owner: postgres
--

CREATE TABLE public.django_migrations (
    id integer NOT NULL,
    app character varying(255) NOT NULL,
    name character varying(255) NOT NULL,
    applied timestamp with time zone NOT NULL
);


ALTER TABLE public.django_migrations OWNER TO postgres;

--
-- TOC entry 196 (class 1259 OID 31570)
-- Name: django_migrations_id_seq; Type: SEQUENCE; Schema: public; Owner: postgres
--

CREATE SEQUENCE public.django_migrations_id_seq
    AS integer
    START WITH 1
    INCREMENT BY 1
    NO MINVALUE
    NO MAXVALUE
    CACHE 1;


ALTER TABLE public.django_migrations_id_seq OWNER TO postgres;

--
-- TOC entry 3384 (class 0 OID 0)
-- Dependencies: 196
-- Name: django_migrations_id_seq; Type: SEQUENCE OWNED BY; Schema: public; Owner: postgres
--

ALTER SEQUENCE public.django_migrations_id_seq OWNED BY public.django_migrations.id;


--
-- TOC entry 232 (class 1259 OID 31870)
-- Name: django_session; Type: TABLE; Schema: public; Owner: postgres
--

CREATE TABLE public.django_session (
    session_key character varying(40) NOT NULL,
    session_data text NOT NULL,
    expire_date timestamp with time zone NOT NULL
);


ALTER TABLE public.django_session OWNER TO postgres;

--
-- TOC entry 229 (class 1259 OID 31835)
-- Name: flujo_fase; Type: TABLE; Schema: public; Owner: postgres
--

CREATE TABLE public.flujo_fase (
    id integer NOT NULL,
    nombre character varying(20) NOT NULL,
    flujo_id integer NOT NULL
);


ALTER TABLE public.flujo_fase OWNER TO postgres;

--
-- TOC entry 228 (class 1259 OID 31833)
-- Name: flujo_fase_id_seq; Type: SEQUENCE; Schema: public; Owner: postgres
--

CREATE SEQUENCE public.flujo_fase_id_seq
    AS integer
    START WITH 1
    INCREMENT BY 1
    NO MINVALUE
    NO MAXVALUE
    CACHE 1;


ALTER TABLE public.flujo_fase_id_seq OWNER TO postgres;

--
-- TOC entry 3385 (class 0 OID 0)
-- Dependencies: 228
-- Name: flujo_fase_id_seq; Type: SEQUENCE OWNED BY; Schema: public; Owner: postgres
--

ALTER SEQUENCE public.flujo_fase_id_seq OWNED BY public.flujo_fase.id;


--
-- TOC entry 231 (class 1259 OID 31843)
-- Name: flujo_flujo; Type: TABLE; Schema: public; Owner: postgres
--

CREATE TABLE public.flujo_flujo (
    id integer NOT NULL,
    nombre character varying(20) NOT NULL,
    descripcion text,
    proyecto_id integer NOT NULL
);


ALTER TABLE public.flujo_flujo OWNER TO postgres;

--
-- TOC entry 230 (class 1259 OID 31841)
-- Name: flujo_flujo_id_seq; Type: SEQUENCE; Schema: public; Owner: postgres
--

CREATE SEQUENCE public.flujo_flujo_id_seq
    AS integer
    START WITH 1
    INCREMENT BY 1
    NO MINVALUE
    NO MAXVALUE
    CACHE 1;


ALTER TABLE public.flujo_flujo_id_seq OWNER TO postgres;

--
-- TOC entry 3386 (class 0 OID 0)
-- Dependencies: 230
-- Name: flujo_flujo_id_seq; Type: SEQUENCE OWNED BY; Schema: public; Owner: postgres
--

ALTER SEQUENCE public.flujo_flujo_id_seq OWNED BY public.flujo_flujo.id;


--
-- TOC entry 225 (class 1259 OID 31804)
-- Name: proyecto_proyecto; Type: TABLE; Schema: public; Owner: postgres
--

CREATE TABLE public.proyecto_proyecto (
    id integer NOT NULL,
    nombre character varying(20) NOT NULL,
    fecha_inicio date,
    fecha_fin date,
    estado character varying(25) NOT NULL,
    descripcion text
);


ALTER TABLE public.proyecto_proyecto OWNER TO postgres;

--
-- TOC entry 224 (class 1259 OID 31802)
-- Name: proyecto_proyecto_id_seq; Type: SEQUENCE; Schema: public; Owner: postgres
--

CREATE SEQUENCE public.proyecto_proyecto_id_seq
    AS integer
    START WITH 1
    INCREMENT BY 1
    NO MINVALUE
    NO MAXVALUE
    CACHE 1;


ALTER TABLE public.proyecto_proyecto_id_seq OWNER TO postgres;

--
-- TOC entry 3387 (class 0 OID 0)
-- Dependencies: 224
-- Name: proyecto_proyecto_id_seq; Type: SEQUENCE OWNED BY; Schema: public; Owner: postgres
--

ALTER SEQUENCE public.proyecto_proyecto_id_seq OWNED BY public.proyecto_proyecto.id;


--
-- TOC entry 227 (class 1259 OID 31815)
-- Name: proyecto_teammember; Type: TABLE; Schema: public; Owner: postgres
--

CREATE TABLE public.proyecto_teammember (
    id integer NOT NULL,
    proyecto_id integer NOT NULL,
    rol_id integer NOT NULL,
    usuario_id integer NOT NULL
);


ALTER TABLE public.proyecto_teammember OWNER TO postgres;

--
-- TOC entry 226 (class 1259 OID 31813)
-- Name: proyecto_teammember_id_seq; Type: SEQUENCE; Schema: public; Owner: postgres
--

CREATE SEQUENCE public.proyecto_teammember_id_seq
    AS integer
    START WITH 1
    INCREMENT BY 1
    NO MINVALUE
    NO MAXVALUE
    CACHE 1;


ALTER TABLE public.proyecto_teammember_id_seq OWNER TO postgres;

--
-- TOC entry 3388 (class 0 OID 0)
-- Dependencies: 226
-- Name: proyecto_teammember_id_seq; Type: SEQUENCE OWNED BY; Schema: public; Owner: postgres
--

ALTER SEQUENCE public.proyecto_teammember_id_seq OWNED BY public.proyecto_teammember.id;


--
-- TOC entry 199 (class 1259 OID 31583)
-- Name: rol_permiso; Type: TABLE; Schema: public; Owner: postgres
--

CREATE TABLE public.rol_permiso (
    id integer NOT NULL,
    nombre character varying(70) NOT NULL,
    tipo integer NOT NULL
);


ALTER TABLE public.rol_permiso OWNER TO postgres;

--
-- TOC entry 198 (class 1259 OID 31581)
-- Name: rol_permiso_id_seq; Type: SEQUENCE; Schema: public; Owner: postgres
--

CREATE SEQUENCE public.rol_permiso_id_seq
    AS integer
    START WITH 1
    INCREMENT BY 1
    NO MINVALUE
    NO MAXVALUE
    CACHE 1;


ALTER TABLE public.rol_permiso_id_seq OWNER TO postgres;

--
-- TOC entry 3389 (class 0 OID 0)
-- Dependencies: 198
-- Name: rol_permiso_id_seq; Type: SEQUENCE OWNED BY; Schema: public; Owner: postgres
--

ALTER SEQUENCE public.rol_permiso_id_seq OWNED BY public.rol_permiso.id;


--
-- TOC entry 201 (class 1259 OID 31591)
-- Name: rol_rol; Type: TABLE; Schema: public; Owner: postgres
--

CREATE TABLE public.rol_rol (
    id integer NOT NULL,
    nombre character varying(50) NOT NULL,
    descripcion text
);


ALTER TABLE public.rol_rol OWNER TO postgres;

--
-- TOC entry 200 (class 1259 OID 31589)
-- Name: rol_rol_id_seq; Type: SEQUENCE; Schema: public; Owner: postgres
--

CREATE SEQUENCE public.rol_rol_id_seq
    AS integer
    START WITH 1
    INCREMENT BY 1
    NO MINVALUE
    NO MAXVALUE
    CACHE 1;


ALTER TABLE public.rol_rol_id_seq OWNER TO postgres;

--
-- TOC entry 3390 (class 0 OID 0)
-- Dependencies: 200
-- Name: rol_rol_id_seq; Type: SEQUENCE OWNED BY; Schema: public; Owner: postgres
--

ALTER SEQUENCE public.rol_rol_id_seq OWNED BY public.rol_rol.id;


--
-- TOC entry 203 (class 1259 OID 31604)
-- Name: rol_rol_permisos; Type: TABLE; Schema: public; Owner: postgres
--

CREATE TABLE public.rol_rol_permisos (
    id integer NOT NULL,
    rol_id integer NOT NULL,
    permiso_id integer NOT NULL
);


ALTER TABLE public.rol_rol_permisos OWNER TO postgres;

--
-- TOC entry 202 (class 1259 OID 31602)
-- Name: rol_rol_permisos_id_seq; Type: SEQUENCE; Schema: public; Owner: postgres
--

CREATE SEQUENCE public.rol_rol_permisos_id_seq
    AS integer
    START WITH 1
    INCREMENT BY 1
    NO MINVALUE
    NO MAXVALUE
    CACHE 1;


ALTER TABLE public.rol_rol_permisos_id_seq OWNER TO postgres;

--
-- TOC entry 3391 (class 0 OID 0)
-- Dependencies: 202
-- Name: rol_rol_permisos_id_seq; Type: SEQUENCE OWNED BY; Schema: public; Owner: postgres
--

ALTER SEQUENCE public.rol_rol_permisos_id_seq OWNED BY public.rol_rol_permisos.id;


--
-- TOC entry 234 (class 1259 OID 31882)
-- Name: sprint_horas; Type: TABLE; Schema: public; Owner: postgres
--

CREATE TABLE public.sprint_horas (
    id integer NOT NULL,
    horas_laborales integer NOT NULL,
    sprint_id integer,
    team_member_id integer
);


ALTER TABLE public.sprint_horas OWNER TO postgres;

--
-- TOC entry 233 (class 1259 OID 31880)
-- Name: sprint_horas_id_seq; Type: SEQUENCE; Schema: public; Owner: postgres
--

CREATE SEQUENCE public.sprint_horas_id_seq
    AS integer
    START WITH 1
    INCREMENT BY 1
    NO MINVALUE
    NO MAXVALUE
    CACHE 1;


ALTER TABLE public.sprint_horas_id_seq OWNER TO postgres;

--
-- TOC entry 3392 (class 0 OID 0)
-- Dependencies: 233
-- Name: sprint_horas_id_seq; Type: SEQUENCE OWNED BY; Schema: public; Owner: postgres
--

ALTER SEQUENCE public.sprint_horas_id_seq OWNED BY public.sprint_horas.id;


--
-- TOC entry 236 (class 1259 OID 31890)
-- Name: sprint_sprint; Type: TABLE; Schema: public; Owner: postgres
--

CREATE TABLE public.sprint_sprint (
    id integer NOT NULL,
    nombre character varying(20) NOT NULL,
    fecha_inicio date,
    fecha_fin date,
    estado character varying(25) NOT NULL,
    dias_laborales integer NOT NULL,
    dias_habiles character varying(100),
    proyecto_id integer
);


ALTER TABLE public.sprint_sprint OWNER TO postgres;

--
-- TOC entry 235 (class 1259 OID 31888)
-- Name: sprint_sprint_id_seq; Type: SEQUENCE; Schema: public; Owner: postgres
--

CREATE SEQUENCE public.sprint_sprint_id_seq
    AS integer
    START WITH 1
    INCREMENT BY 1
    NO MINVALUE
    NO MAXVALUE
    CACHE 1;


ALTER TABLE public.sprint_sprint_id_seq OWNER TO postgres;

--
-- TOC entry 3393 (class 0 OID 0)
-- Dependencies: 235
-- Name: sprint_sprint_id_seq; Type: SEQUENCE OWNED BY; Schema: public; Owner: postgres
--

ALTER SEQUENCE public.sprint_sprint_id_seq OWNED BY public.sprint_sprint.id;


--
-- TOC entry 238 (class 1259 OID 31916)
-- Name: tipoUserStory_tipouserstory; Type: TABLE; Schema: public; Owner: postgres
--

CREATE TABLE public."tipoUserStory_tipouserstory" (
    id integer NOT NULL,
    nombre character varying(20) NOT NULL,
    descripcion text,
    proyecto_id integer NOT NULL
);


ALTER TABLE public."tipoUserStory_tipouserstory" OWNER TO postgres;

--
-- TOC entry 240 (class 1259 OID 31927)
-- Name: tipoUserStory_tipouserstory_flujos; Type: TABLE; Schema: public; Owner: postgres
--

CREATE TABLE public."tipoUserStory_tipouserstory_flujos" (
    id integer NOT NULL,
    tipouserstory_id integer NOT NULL,
    flujo_id integer NOT NULL
);


ALTER TABLE public."tipoUserStory_tipouserstory_flujos" OWNER TO postgres;

--
-- TOC entry 239 (class 1259 OID 31925)
-- Name: tipoUserStory_tipouserstory_flujos_id_seq; Type: SEQUENCE; Schema: public; Owner: postgres
--

CREATE SEQUENCE public."tipoUserStory_tipouserstory_flujos_id_seq"
    AS integer
    START WITH 1
    INCREMENT BY 1
    NO MINVALUE
    NO MAXVALUE
    CACHE 1;


ALTER TABLE public."tipoUserStory_tipouserstory_flujos_id_seq" OWNER TO postgres;

--
-- TOC entry 3394 (class 0 OID 0)
-- Dependencies: 239
-- Name: tipoUserStory_tipouserstory_flujos_id_seq; Type: SEQUENCE OWNED BY; Schema: public; Owner: postgres
--

ALTER SEQUENCE public."tipoUserStory_tipouserstory_flujos_id_seq" OWNED BY public."tipoUserStory_tipouserstory_flujos".id;


--
-- TOC entry 237 (class 1259 OID 31914)
-- Name: tipoUserStory_tipouserstory_id_seq; Type: SEQUENCE; Schema: public; Owner: postgres
--

CREATE SEQUENCE public."tipoUserStory_tipouserstory_id_seq"
    AS integer
    START WITH 1
    INCREMENT BY 1
    NO MINVALUE
    NO MAXVALUE
    CACHE 1;


ALTER TABLE public."tipoUserStory_tipouserstory_id_seq" OWNER TO postgres;

--
-- TOC entry 3395 (class 0 OID 0)
-- Dependencies: 237
-- Name: tipoUserStory_tipouserstory_id_seq; Type: SEQUENCE OWNED BY; Schema: public; Owner: postgres
--

ALTER SEQUENCE public."tipoUserStory_tipouserstory_id_seq" OWNED BY public."tipoUserStory_tipouserstory".id;


--
-- TOC entry 242 (class 1259 OID 31955)
-- Name: userstory_actividad; Type: TABLE; Schema: public; Owner: postgres
--

CREATE TABLE public.userstory_actividad (
    id integer NOT NULL,
    nombre character varying(20) NOT NULL,
    descripcion text NOT NULL,
    duracion time without time zone NOT NULL,
    fecha timestamp with time zone NOT NULL,
    us_id integer,
    usuario_id integer
);


ALTER TABLE public.userstory_actividad OWNER TO postgres;

--
-- TOC entry 241 (class 1259 OID 31953)
-- Name: userstory_actividad_id_seq; Type: SEQUENCE; Schema: public; Owner: postgres
--

CREATE SEQUENCE public.userstory_actividad_id_seq
    AS integer
    START WITH 1
    INCREMENT BY 1
    NO MINVALUE
    NO MAXVALUE
    CACHE 1;


ALTER TABLE public.userstory_actividad_id_seq OWNER TO postgres;

--
-- TOC entry 3396 (class 0 OID 0)
-- Dependencies: 241
-- Name: userstory_actividad_id_seq; Type: SEQUENCE OWNED BY; Schema: public; Owner: postgres
--

ALTER SEQUENCE public.userstory_actividad_id_seq OWNED BY public.userstory_actividad.id;


--
-- TOC entry 244 (class 1259 OID 31966)
-- Name: userstory_archivo; Type: TABLE; Schema: public; Owner: postgres
--

CREATE TABLE public.userstory_archivo (
    id integer NOT NULL,
    titulo character varying(255) NOT NULL,
    archivo character varying(100) NOT NULL,
    fecha timestamp with time zone NOT NULL,
    us_id integer,
    usuario_id integer
);


ALTER TABLE public.userstory_archivo OWNER TO postgres;

--
-- TOC entry 243 (class 1259 OID 31964)
-- Name: userstory_archivo_id_seq; Type: SEQUENCE; Schema: public; Owner: postgres
--

CREATE SEQUENCE public.userstory_archivo_id_seq
    AS integer
    START WITH 1
    INCREMENT BY 1
    NO MINVALUE
    NO MAXVALUE
    CACHE 1;


ALTER TABLE public.userstory_archivo_id_seq OWNER TO postgres;

--
-- TOC entry 3397 (class 0 OID 0)
-- Dependencies: 243
-- Name: userstory_archivo_id_seq; Type: SEQUENCE OWNED BY; Schema: public; Owner: postgres
--

ALTER SEQUENCE public.userstory_archivo_id_seq OWNED BY public.userstory_archivo.id;


--
-- TOC entry 246 (class 1259 OID 31974)
-- Name: userstory_nota; Type: TABLE; Schema: public; Owner: postgres
--

CREATE TABLE public.userstory_nota (
    id integer NOT NULL,
    nota text NOT NULL,
    fecha timestamp with time zone NOT NULL,
    us_id integer,
    usuario_id integer
);


ALTER TABLE public.userstory_nota OWNER TO postgres;

--
-- TOC entry 245 (class 1259 OID 31972)
-- Name: userstory_nota_id_seq; Type: SEQUENCE; Schema: public; Owner: postgres
--

CREATE SEQUENCE public.userstory_nota_id_seq
    AS integer
    START WITH 1
    INCREMENT BY 1
    NO MINVALUE
    NO MAXVALUE
    CACHE 1;


ALTER TABLE public.userstory_nota_id_seq OWNER TO postgres;

--
-- TOC entry 3398 (class 0 OID 0)
-- Dependencies: 245
-- Name: userstory_nota_id_seq; Type: SEQUENCE OWNED BY; Schema: public; Owner: postgres
--

ALTER SEQUENCE public.userstory_nota_id_seq OWNED BY public.userstory_nota.id;


--
-- TOC entry 248 (class 1259 OID 31985)
-- Name: userstory_userstory; Type: TABLE; Schema: public; Owner: postgres
--

CREATE TABLE public.userstory_userstory (
    id integer NOT NULL,
    estado_fase character varying(30) NOT NULL,
    nombre character varying(100) NOT NULL,
    descripcion text NOT NULL,
    fecha_inicio date,
    duracion_estimada integer NOT NULL,
    valor_negocio integer NOT NULL,
    prioridad integer NOT NULL,
    valor_tecnico integer NOT NULL,
    estado integer NOT NULL,
    fase_id integer,
    flujo_id integer NOT NULL,
    proyecto_id integer NOT NULL,
    sprint_id integer,
    team_member_id integer,
    tipo_us_id integer NOT NULL,
    CONSTRAINT userstory_userstory_estado_check CHECK ((estado >= 0)),
    CONSTRAINT userstory_userstory_prioridad_check CHECK ((prioridad >= 0)),
    CONSTRAINT userstory_userstory_valor_negocio_check CHECK ((valor_negocio >= 0)),
    CONSTRAINT userstory_userstory_valor_tecnico_check CHECK ((valor_tecnico >= 0))
);


ALTER TABLE public.userstory_userstory OWNER TO postgres;

--
-- TOC entry 247 (class 1259 OID 31983)
-- Name: userstory_userstory_id_seq; Type: SEQUENCE; Schema: public; Owner: postgres
--

CREATE SEQUENCE public.userstory_userstory_id_seq
    AS integer
    START WITH 1
    INCREMENT BY 1
    NO MINVALUE
    NO MAXVALUE
    CACHE 1;


ALTER TABLE public.userstory_userstory_id_seq OWNER TO postgres;

--
-- TOC entry 3399 (class 0 OID 0)
-- Dependencies: 247
-- Name: userstory_userstory_id_seq; Type: SEQUENCE OWNED BY; Schema: public; Owner: postgres
--

ALTER SEQUENCE public.userstory_userstory_id_seq OWNED BY public.userstory_userstory.id;


--
-- TOC entry 250 (class 1259 OID 32000)
-- Name: userstory_userstory_sprints_asignados; Type: TABLE; Schema: public; Owner: postgres
--

CREATE TABLE public.userstory_userstory_sprints_asignados (
    id integer NOT NULL,
    userstory_id integer NOT NULL,
    sprint_id integer NOT NULL
);


ALTER TABLE public.userstory_userstory_sprints_asignados OWNER TO postgres;

--
-- TOC entry 249 (class 1259 OID 31998)
-- Name: userstory_userstory_sprints_asignados_id_seq; Type: SEQUENCE; Schema: public; Owner: postgres
--

CREATE SEQUENCE public.userstory_userstory_sprints_asignados_id_seq
    AS integer
    START WITH 1
    INCREMENT BY 1
    NO MINVALUE
    NO MAXVALUE
    CACHE 1;


ALTER TABLE public.userstory_userstory_sprints_asignados_id_seq OWNER TO postgres;

--
-- TOC entry 3400 (class 0 OID 0)
-- Dependencies: 249
-- Name: userstory_userstory_sprints_asignados_id_seq; Type: SEQUENCE OWNED BY; Schema: public; Owner: postgres
--

ALTER SEQUENCE public.userstory_userstory_sprints_asignados_id_seq OWNED BY public.userstory_userstory_sprints_asignados.id;


--
-- TOC entry 213 (class 1259 OID 31686)
-- Name: usuarios_usuario; Type: TABLE; Schema: public; Owner: postgres
--

CREATE TABLE public.usuarios_usuario (
    id integer NOT NULL,
    password character varying(128) NOT NULL,
    last_login timestamp with time zone,
    is_superuser boolean NOT NULL,
    username character varying(150) NOT NULL,
    first_name character varying(30) NOT NULL,
    last_name character varying(150) NOT NULL,
    is_staff boolean NOT NULL,
    is_active boolean NOT NULL,
    date_joined timestamp with time zone NOT NULL,
    estado character varying(8) NOT NULL,
    ci character varying(10),
    telefono character varying(50),
    direccion character varying(200),
    descripcion text,
    email character varying(254) NOT NULL
);


ALTER TABLE public.usuarios_usuario OWNER TO postgres;

--
-- TOC entry 215 (class 1259 OID 31699)
-- Name: usuarios_usuario_groups; Type: TABLE; Schema: public; Owner: postgres
--

CREATE TABLE public.usuarios_usuario_groups (
    id integer NOT NULL,
    usuario_id integer NOT NULL,
    group_id integer NOT NULL
);


ALTER TABLE public.usuarios_usuario_groups OWNER TO postgres;

--
-- TOC entry 214 (class 1259 OID 31697)
-- Name: usuarios_usuario_groups_id_seq; Type: SEQUENCE; Schema: public; Owner: postgres
--

CREATE SEQUENCE public.usuarios_usuario_groups_id_seq
    AS integer
    START WITH 1
    INCREMENT BY 1
    NO MINVALUE
    NO MAXVALUE
    CACHE 1;


ALTER TABLE public.usuarios_usuario_groups_id_seq OWNER TO postgres;

--
-- TOC entry 3401 (class 0 OID 0)
-- Dependencies: 214
-- Name: usuarios_usuario_groups_id_seq; Type: SEQUENCE OWNED BY; Schema: public; Owner: postgres
--

ALTER SEQUENCE public.usuarios_usuario_groups_id_seq OWNED BY public.usuarios_usuario_groups.id;


--
-- TOC entry 212 (class 1259 OID 31684)
-- Name: usuarios_usuario_id_seq; Type: SEQUENCE; Schema: public; Owner: postgres
--

CREATE SEQUENCE public.usuarios_usuario_id_seq
    AS integer
    START WITH 1
    INCREMENT BY 1
    NO MINVALUE
    NO MAXVALUE
    CACHE 1;


ALTER TABLE public.usuarios_usuario_id_seq OWNER TO postgres;

--
-- TOC entry 3402 (class 0 OID 0)
-- Dependencies: 212
-- Name: usuarios_usuario_id_seq; Type: SEQUENCE OWNED BY; Schema: public; Owner: postgres
--

ALTER SEQUENCE public.usuarios_usuario_id_seq OWNED BY public.usuarios_usuario.id;


--
-- TOC entry 217 (class 1259 OID 31707)
-- Name: usuarios_usuario_permisos; Type: TABLE; Schema: public; Owner: postgres
--

CREATE TABLE public.usuarios_usuario_permisos (
    id integer NOT NULL,
    usuario_id integer NOT NULL,
    permiso_id integer NOT NULL
);


ALTER TABLE public.usuarios_usuario_permisos OWNER TO postgres;

--
-- TOC entry 216 (class 1259 OID 31705)
-- Name: usuarios_usuario_permisos_id_seq; Type: SEQUENCE; Schema: public; Owner: postgres
--

CREATE SEQUENCE public.usuarios_usuario_permisos_id_seq
    AS integer
    START WITH 1
    INCREMENT BY 1
    NO MINVALUE
    NO MAXVALUE
    CACHE 1;


ALTER TABLE public.usuarios_usuario_permisos_id_seq OWNER TO postgres;

--
-- TOC entry 3403 (class 0 OID 0)
-- Dependencies: 216
-- Name: usuarios_usuario_permisos_id_seq; Type: SEQUENCE OWNED BY; Schema: public; Owner: postgres
--

ALTER SEQUENCE public.usuarios_usuario_permisos_id_seq OWNED BY public.usuarios_usuario_permisos.id;


--
-- TOC entry 219 (class 1259 OID 31715)
-- Name: usuarios_usuario_user_permissions; Type: TABLE; Schema: public; Owner: postgres
--

CREATE TABLE public.usuarios_usuario_user_permissions (
    id integer NOT NULL,
    usuario_id integer NOT NULL,
    permission_id integer NOT NULL
);


ALTER TABLE public.usuarios_usuario_user_permissions OWNER TO postgres;

--
-- TOC entry 218 (class 1259 OID 31713)
-- Name: usuarios_usuario_user_permissions_id_seq; Type: SEQUENCE; Schema: public; Owner: postgres
--

CREATE SEQUENCE public.usuarios_usuario_user_permissions_id_seq
    AS integer
    START WITH 1
    INCREMENT BY 1
    NO MINVALUE
    NO MAXVALUE
    CACHE 1;


ALTER TABLE public.usuarios_usuario_user_permissions_id_seq OWNER TO postgres;

--
-- TOC entry 3404 (class 0 OID 0)
-- Dependencies: 218
-- Name: usuarios_usuario_user_permissions_id_seq; Type: SEQUENCE OWNED BY; Schema: public; Owner: postgres
--

ALTER SEQUENCE public.usuarios_usuario_user_permissions_id_seq OWNED BY public.usuarios_usuario_user_permissions.id;


--
-- TOC entry 3004 (class 2604 OID 31648)
-- Name: auth_group id; Type: DEFAULT; Schema: public; Owner: postgres
--

ALTER TABLE ONLY public.auth_group ALTER COLUMN id SET DEFAULT nextval('public.auth_group_id_seq'::regclass);


--
-- TOC entry 3005 (class 2604 OID 31658)
-- Name: auth_group_permissions id; Type: DEFAULT; Schema: public; Owner: postgres
--

ALTER TABLE ONLY public.auth_group_permissions ALTER COLUMN id SET DEFAULT nextval('public.auth_group_permissions_id_seq'::regclass);


--
-- TOC entry 3003 (class 2604 OID 31640)
-- Name: auth_permission id; Type: DEFAULT; Schema: public; Owner: postgres
--

ALTER TABLE ONLY public.auth_permission ALTER COLUMN id SET DEFAULT nextval('public.auth_permission_id_seq'::regclass);


--
-- TOC entry 3012 (class 2604 OID 31793)
-- Name: clientes_cliente id; Type: DEFAULT; Schema: public; Owner: postgres
--

ALTER TABLE ONLY public.clientes_cliente ALTER COLUMN id SET DEFAULT nextval('public.clientes_cliente_id_seq'::regclass);


--
-- TOC entry 3010 (class 2604 OID 31769)
-- Name: django_admin_log id; Type: DEFAULT; Schema: public; Owner: postgres
--

ALTER TABLE ONLY public.django_admin_log ALTER COLUMN id SET DEFAULT nextval('public.django_admin_log_id_seq'::regclass);


--
-- TOC entry 3002 (class 2604 OID 31630)
-- Name: django_content_type id; Type: DEFAULT; Schema: public; Owner: postgres
--

ALTER TABLE ONLY public.django_content_type ALTER COLUMN id SET DEFAULT nextval('public.django_content_type_id_seq'::regclass);


--
-- TOC entry 2998 (class 2604 OID 31575)
-- Name: django_migrations id; Type: DEFAULT; Schema: public; Owner: postgres
--

ALTER TABLE ONLY public.django_migrations ALTER COLUMN id SET DEFAULT nextval('public.django_migrations_id_seq'::regclass);


--
-- TOC entry 3015 (class 2604 OID 31838)
-- Name: flujo_fase id; Type: DEFAULT; Schema: public; Owner: postgres
--

ALTER TABLE ONLY public.flujo_fase ALTER COLUMN id SET DEFAULT nextval('public.flujo_fase_id_seq'::regclass);


--
-- TOC entry 3016 (class 2604 OID 31846)
-- Name: flujo_flujo id; Type: DEFAULT; Schema: public; Owner: postgres
--

ALTER TABLE ONLY public.flujo_flujo ALTER COLUMN id SET DEFAULT nextval('public.flujo_flujo_id_seq'::regclass);


--
-- TOC entry 3013 (class 2604 OID 31807)
-- Name: proyecto_proyecto id; Type: DEFAULT; Schema: public; Owner: postgres
--

ALTER TABLE ONLY public.proyecto_proyecto ALTER COLUMN id SET DEFAULT nextval('public.proyecto_proyecto_id_seq'::regclass);


--
-- TOC entry 3014 (class 2604 OID 31818)
-- Name: proyecto_teammember id; Type: DEFAULT; Schema: public; Owner: postgres
--

ALTER TABLE ONLY public.proyecto_teammember ALTER COLUMN id SET DEFAULT nextval('public.proyecto_teammember_id_seq'::regclass);


--
-- TOC entry 2999 (class 2604 OID 31586)
-- Name: rol_permiso id; Type: DEFAULT; Schema: public; Owner: postgres
--

ALTER TABLE ONLY public.rol_permiso ALTER COLUMN id SET DEFAULT nextval('public.rol_permiso_id_seq'::regclass);


--
-- TOC entry 3000 (class 2604 OID 31594)
-- Name: rol_rol id; Type: DEFAULT; Schema: public; Owner: postgres
--

ALTER TABLE ONLY public.rol_rol ALTER COLUMN id SET DEFAULT nextval('public.rol_rol_id_seq'::regclass);


--
-- TOC entry 3001 (class 2604 OID 31607)
-- Name: rol_rol_permisos id; Type: DEFAULT; Schema: public; Owner: postgres
--

ALTER TABLE ONLY public.rol_rol_permisos ALTER COLUMN id SET DEFAULT nextval('public.rol_rol_permisos_id_seq'::regclass);


--
-- TOC entry 3017 (class 2604 OID 31885)
-- Name: sprint_horas id; Type: DEFAULT; Schema: public; Owner: postgres
--

ALTER TABLE ONLY public.sprint_horas ALTER COLUMN id SET DEFAULT nextval('public.sprint_horas_id_seq'::regclass);


--
-- TOC entry 3018 (class 2604 OID 31893)
-- Name: sprint_sprint id; Type: DEFAULT; Schema: public; Owner: postgres
--

ALTER TABLE ONLY public.sprint_sprint ALTER COLUMN id SET DEFAULT nextval('public.sprint_sprint_id_seq'::regclass);


--
-- TOC entry 3019 (class 2604 OID 31919)
-- Name: tipoUserStory_tipouserstory id; Type: DEFAULT; Schema: public; Owner: postgres
--

ALTER TABLE ONLY public."tipoUserStory_tipouserstory" ALTER COLUMN id SET DEFAULT nextval('public."tipoUserStory_tipouserstory_id_seq"'::regclass);


--
-- TOC entry 3020 (class 2604 OID 31930)
-- Name: tipoUserStory_tipouserstory_flujos id; Type: DEFAULT; Schema: public; Owner: postgres
--

ALTER TABLE ONLY public."tipoUserStory_tipouserstory_flujos" ALTER COLUMN id SET DEFAULT nextval('public."tipoUserStory_tipouserstory_flujos_id_seq"'::regclass);


--
-- TOC entry 3021 (class 2604 OID 31958)
-- Name: userstory_actividad id; Type: DEFAULT; Schema: public; Owner: postgres
--

ALTER TABLE ONLY public.userstory_actividad ALTER COLUMN id SET DEFAULT nextval('public.userstory_actividad_id_seq'::regclass);


--
-- TOC entry 3022 (class 2604 OID 31969)
-- Name: userstory_archivo id; Type: DEFAULT; Schema: public; Owner: postgres
--

ALTER TABLE ONLY public.userstory_archivo ALTER COLUMN id SET DEFAULT nextval('public.userstory_archivo_id_seq'::regclass);


--
-- TOC entry 3023 (class 2604 OID 31977)
-- Name: userstory_nota id; Type: DEFAULT; Schema: public; Owner: postgres
--

ALTER TABLE ONLY public.userstory_nota ALTER COLUMN id SET DEFAULT nextval('public.userstory_nota_id_seq'::regclass);


--
-- TOC entry 3024 (class 2604 OID 31988)
-- Name: userstory_userstory id; Type: DEFAULT; Schema: public; Owner: postgres
--

ALTER TABLE ONLY public.userstory_userstory ALTER COLUMN id SET DEFAULT nextval('public.userstory_userstory_id_seq'::regclass);


--
-- TOC entry 3029 (class 2604 OID 32003)
-- Name: userstory_userstory_sprints_asignados id; Type: DEFAULT; Schema: public; Owner: postgres
--

ALTER TABLE ONLY public.userstory_userstory_sprints_asignados ALTER COLUMN id SET DEFAULT nextval('public.userstory_userstory_sprints_asignados_id_seq'::regclass);


--
-- TOC entry 3006 (class 2604 OID 31689)
-- Name: usuarios_usuario id; Type: DEFAULT; Schema: public; Owner: postgres
--

ALTER TABLE ONLY public.usuarios_usuario ALTER COLUMN id SET DEFAULT nextval('public.usuarios_usuario_id_seq'::regclass);


--
-- TOC entry 3007 (class 2604 OID 31702)
-- Name: usuarios_usuario_groups id; Type: DEFAULT; Schema: public; Owner: postgres
--

ALTER TABLE ONLY public.usuarios_usuario_groups ALTER COLUMN id SET DEFAULT nextval('public.usuarios_usuario_groups_id_seq'::regclass);


--
-- TOC entry 3008 (class 2604 OID 31710)
-- Name: usuarios_usuario_permisos id; Type: DEFAULT; Schema: public; Owner: postgres
--

ALTER TABLE ONLY public.usuarios_usuario_permisos ALTER COLUMN id SET DEFAULT nextval('public.usuarios_usuario_permisos_id_seq'::regclass);


--
-- TOC entry 3009 (class 2604 OID 31718)
-- Name: usuarios_usuario_user_permissions id; Type: DEFAULT; Schema: public; Owner: postgres
--

ALTER TABLE ONLY public.usuarios_usuario_user_permissions ALTER COLUMN id SET DEFAULT nextval('public.usuarios_usuario_user_permissions_id_seq'::regclass);


--
-- TOC entry 3328 (class 0 OID 31645)
-- Dependencies: 209
-- Data for Name: auth_group; Type: TABLE DATA; Schema: public; Owner: postgres
--

COPY public.auth_group (id, name) FROM stdin;
\.


--
-- TOC entry 3330 (class 0 OID 31655)
-- Dependencies: 211
-- Data for Name: auth_group_permissions; Type: TABLE DATA; Schema: public; Owner: postgres
--

COPY public.auth_group_permissions (id, group_id, permission_id) FROM stdin;
\.


--
-- TOC entry 3326 (class 0 OID 31637)
-- Dependencies: 207
-- Data for Name: auth_permission; Type: TABLE DATA; Schema: public; Owner: postgres
--

COPY public.auth_permission (id, name, content_type_id, codename) FROM stdin;
1	Can add proyecto	1	add_proyecto
2	Can change proyecto	1	change_proyecto
3	Can delete proyecto	1	delete_proyecto
4	Can add team member	2	add_teammember
5	Can change team member	2	change_teammember
6	Can delete team member	2	delete_teammember
7	Can add user	3	add_usuario
8	Can change user	3	change_usuario
9	Can delete user	3	delete_usuario
10	Can add permiso	4	add_permiso
11	Can change permiso	4	change_permiso
12	Can delete permiso	4	delete_permiso
13	Can add rol	5	add_rol
14	Can change rol	5	change_rol
15	Can delete rol	5	delete_rol
16	Can add fase	6	add_fase
17	Can change fase	6	change_fase
18	Can delete fase	6	delete_fase
19	Can add flujo	7	add_flujo
20	Can change flujo	7	change_flujo
21	Can delete flujo	7	delete_flujo
22	Can add cliente	8	add_cliente
23	Can change cliente	8	change_cliente
24	Can delete cliente	8	delete_cliente
25	Can add tipo user story	9	add_tipouserstory
26	Can change tipo user story	9	change_tipouserstory
27	Can delete tipo user story	9	delete_tipouserstory
28	Can add actividad	10	add_actividad
29	Can change actividad	10	change_actividad
30	Can delete actividad	10	delete_actividad
31	Can add archivo	11	add_archivo
32	Can change archivo	11	change_archivo
33	Can delete archivo	11	delete_archivo
34	Can add nota	12	add_nota
35	Can change nota	12	change_nota
36	Can delete nota	12	delete_nota
37	Can add user story	13	add_userstory
38	Can change user story	13	change_userstory
39	Can delete user story	13	delete_userstory
40	Can add horas	14	add_horas
41	Can change horas	14	change_horas
42	Can delete horas	14	delete_horas
43	Can add sprint	15	add_sprint
44	Can change sprint	15	change_sprint
45	Can delete sprint	15	delete_sprint
46	Can add log entry	16	add_logentry
47	Can change log entry	16	change_logentry
48	Can delete log entry	16	delete_logentry
49	Can add permission	17	add_permission
50	Can change permission	17	change_permission
51	Can delete permission	17	delete_permission
52	Can add group	18	add_group
53	Can change group	18	change_group
54	Can delete group	18	delete_group
55	Can add content type	19	add_contenttype
56	Can change content type	19	change_contenttype
57	Can delete content type	19	delete_contenttype
58	Can add session	20	add_session
59	Can change session	20	change_session
60	Can delete session	20	delete_session
\.


--
-- TOC entry 3342 (class 0 OID 31790)
-- Dependencies: 223
-- Data for Name: clientes_cliente; Type: TABLE DATA; Schema: public; Owner: postgres
--

COPY public.clientes_cliente (id, nombre, descripcion, direccion, ruc, telefono) FROM stdin;
\.


--
-- TOC entry 3340 (class 0 OID 31766)
-- Dependencies: 221
-- Data for Name: django_admin_log; Type: TABLE DATA; Schema: public; Owner: postgres
--

COPY public.django_admin_log (id, action_time, object_id, object_repr, action_flag, change_message, content_type_id, user_id) FROM stdin;
1	2019-05-23 10:10:31.448956-04	1	Ver Usuarios	1	[{"added": {}}]	4	1
2	2019-05-23 10:10:48.446695-04	2	Modificar Usuarios	1	[{"added": {}}]	4	1
3	2019-05-23 10:11:38.596296-04	3	Crear Usuarios	1	[{"added": {}}]	4	1
4	2019-05-23 10:11:50.974035-04	4	Ver Roles	1	[{"added": {}}]	4	1
5	2019-05-23 10:12:02.351655-04	5	Modificar Roles	1	[{"added": {}}]	4	1
6	2019-05-23 10:12:11.504845-04	6	Crear Roles	1	[{"added": {}}]	4	1
7	2019-05-23 10:12:25.983935-04	7	Crear Proyectos	1	[{"added": {}}]	4	1
8	2019-05-23 10:12:36.611917-04	8	Ver Proyectos	1	[{"added": {}}]	4	1
9	2019-05-23 10:12:46.684215-04	9	Modificar Proyectos	1	[{"added": {}}]	4	1
10	2019-05-23 10:13:08.577469-04	10	Ver Clientes	1	[{"added": {}}]	4	1
11	2019-05-23 10:13:18.021024-04	11	Crear Clientes	1	[{"added": {}}]	4	1
12	2019-05-23 10:13:30.343185-04	12	Modificar Clientes	1	[{"added": {}}]	4	1
13	2019-05-23 10:14:03.894943-04	13	Ver Opciones de Proyecto	1	[{"added": {}}]	4	1
14	2019-05-23 10:14:14.194944-04	14	Ver Flujos	1	[{"added": {}}]	4	1
15	2019-05-23 10:14:23.124598-04	15	Crear Flujos	1	[{"added": {}}]	4	1
16	2019-05-23 10:14:32.092214-04	16	Modificar Flujos	1	[{"added": {}}]	4	1
17	2019-05-23 10:14:44.098506-04	17	Ver Tipos de User Story	1	[{"added": {}}]	4	1
18	2019-05-23 10:14:53.795725-04	18	Modificar Tipos de User Story	1	[{"added": {}}]	4	1
19	2019-05-23 10:15:07.689447-04	19	Crear Tipos de User Story	1	[{"added": {}}]	4	1
20	2019-05-23 10:15:17.263785-04	20	Asignar Roles	1	[{"added": {}}]	4	1
21	2019-05-23 10:15:25.856801-04	21	Ver Ejecucion de Proyectos	1	[{"added": {}}]	4	1
22	2019-05-23 10:15:36.303079-04	22	Ver Sprint	1	[{"added": {}}]	4	1
23	2019-05-23 10:15:44.659073-04	23	Crear Sprint	1	[{"added": {}}]	4	1
24	2019-05-23 10:15:54.098731-04	24	Modificar Sprint	1	[{"added": {}}]	4	1
25	2019-05-23 10:16:04.866924-04	25	Ver User Stories	1	[{"added": {}}]	4	1
26	2019-05-23 10:16:16.740544-04	26	Crear User Stories	1	[{"added": {}}]	4	1
27	2019-05-23 10:16:24.775085-04	27	Modificar User Stories	1	[{"added": {}}]	4	1
28	2019-05-23 10:16:41.115227-04	28	Ver Product Backlog	1	[{"added": {}}]	4	1
29	2019-05-23 10:16:50.706205-04	29	Asignar User Stories	1	[{"added": {}}]	4	1
30	2019-05-23 10:16:58.429312-04	30	Iniciar Proyecto	1	[{"added": {}}]	4	1
31	2019-05-23 10:17:06.930565-04	31	Terminar Proyecto	1	[{"added": {}}]	4	1
32	2019-05-23 10:17:15.809826-04	32	Cancelar Proyecto	1	[{"added": {}}]	4	1
33	2019-05-23 10:17:24.10026-04	33	Suspender Proyecto	1	[{"added": {}}]	4	1
34	2019-05-23 10:17:34.671357-04	34	Iniciar Sprint	1	[{"added": {}}]	4	1
35	2019-05-23 10:17:48.83042-04	35	Ver Tablero	1	[{"added": {}}]	4	1
36	2019-05-23 10:17:57.150489-04	36	Mover de Estado	1	[{"added": {}}]	4	1
37	2019-05-23 10:18:07.126167-04	37	Ver Control de Calidad	1	[{"added": {}}]	4	1
38	2019-05-23 10:22:30.739167-04	1	Administrador	1	[{"added": {}}]	5	1
39	2019-05-23 10:23:19.735777-04	2	Scrum Master	1	[{"added": {}}]	5	1
40	2019-05-23 10:26:46.653208-04	1	sebasrojas	2	[{"changed": {"fields": ["permisos"]}}]	3	1
\.


--
-- TOC entry 3324 (class 0 OID 31627)
-- Dependencies: 205
-- Data for Name: django_content_type; Type: TABLE DATA; Schema: public; Owner: postgres
--

COPY public.django_content_type (id, app_label, model) FROM stdin;
1	proyecto	proyecto
2	proyecto	teammember
3	usuarios	usuario
4	rol	permiso
5	rol	rol
6	flujo	fase
7	flujo	flujo
8	clientes	cliente
9	tipoUserStory	tipouserstory
10	userstory	actividad
11	userstory	archivo
12	userstory	nota
13	userstory	userstory
14	sprint	horas
15	sprint	sprint
16	admin	logentry
17	auth	permission
18	auth	group
19	contenttypes	contenttype
20	sessions	session
\.


--
-- TOC entry 3316 (class 0 OID 31572)
-- Dependencies: 197
-- Data for Name: django_migrations; Type: TABLE DATA; Schema: public; Owner: postgres
--

COPY public.django_migrations (id, app, name, applied) FROM stdin;
1	rol	0001_initial	2019-05-23 09:48:41.373203-04
2	contenttypes	0001_initial	2019-05-23 09:48:41.411975-04
3	contenttypes	0002_remove_content_type_name	2019-05-23 09:48:41.423945-04
4	auth	0001_initial	2019-05-23 09:48:41.551986-04
5	auth	0002_alter_permission_name_max_length	2019-05-23 09:48:41.570343-04
6	auth	0003_alter_user_email_max_length	2019-05-23 09:48:41.579545-04
7	auth	0004_alter_user_username_opts	2019-05-23 09:48:41.586487-04
8	auth	0005_alter_user_last_login_null	2019-05-23 09:48:41.606088-04
9	auth	0006_require_contenttypes_0002	2019-05-23 09:48:41.617924-04
10	auth	0007_alter_validators_add_error_messages	2019-05-23 09:48:41.646227-04
11	auth	0008_alter_user_username_max_length	2019-05-23 09:48:41.660447-04
12	auth	0009_alter_user_last_name_max_length	2019-05-23 09:48:41.679929-04
13	usuarios	0001_initial	2019-05-23 09:48:41.855019-04
14	admin	0001_initial	2019-05-23 09:48:41.920191-04
15	admin	0002_logentry_remove_auto_add	2019-05-23 09:48:41.956184-04
16	clientes	0001_initial	2019-05-23 09:48:41.998564-04
17	proyecto	0001_initial	2019-05-23 09:48:42.09643-04
18	flujo	0001_initial	2019-05-23 09:48:42.145013-04
19	flujo	0002_auto_20190523_0948	2019-05-23 09:48:42.201934-04
20	proyecto	0002_teammember_usuario	2019-05-23 09:48:42.24271-04
21	sessions	0001_initial	2019-05-23 09:48:42.294993-04
22	sprint	0001_initial	2019-05-23 09:48:42.377286-04
23	sprint	0002_horas_team_member	2019-05-23 09:48:42.423496-04
24	tipoUserStory	0001_initial	2019-05-23 09:48:42.515044-04
25	userstory	0001_initial	2019-05-23 09:48:42.72603-04
26	userstory	0002_auto_20190523_0948	2019-05-23 09:48:42.971871-04
\.


--
-- TOC entry 3351 (class 0 OID 31870)
-- Dependencies: 232
-- Data for Name: django_session; Type: TABLE DATA; Schema: public; Owner: postgres
--

COPY public.django_session (session_key, session_data, expire_date) FROM stdin;
hcttl0nbww4sqodqfjo0my5ngxbphyn0	OWIxZTg5NWQ1YzY5ODRjZmI2NjdlZTVkNzM5YzAyYTdmZTI1YTViYzp7Il9hdXRoX3VzZXJfaWQiOiIxIiwiX2F1dGhfdXNlcl9iYWNrZW5kIjoiZGphbmdvLmNvbnRyaWIuYXV0aC5iYWNrZW5kcy5Nb2RlbEJhY2tlbmQiLCJfYXV0aF91c2VyX2hhc2giOiJmYmQ1YjQ4NzZmODlhMzYxMmJiMTI2OTE2NTdmYWM2NjFiNThiYTQxIn0=	2019-06-06 09:54:05.490602-04
\.


--
-- TOC entry 3348 (class 0 OID 31835)
-- Dependencies: 229
-- Data for Name: flujo_fase; Type: TABLE DATA; Schema: public; Owner: postgres
--

COPY public.flujo_fase (id, nombre, flujo_id) FROM stdin;
\.


--
-- TOC entry 3350 (class 0 OID 31843)
-- Dependencies: 231
-- Data for Name: flujo_flujo; Type: TABLE DATA; Schema: public; Owner: postgres
--

COPY public.flujo_flujo (id, nombre, descripcion, proyecto_id) FROM stdin;
\.


--
-- TOC entry 3344 (class 0 OID 31804)
-- Dependencies: 225
-- Data for Name: proyecto_proyecto; Type: TABLE DATA; Schema: public; Owner: postgres
--

COPY public.proyecto_proyecto (id, nombre, fecha_inicio, fecha_fin, estado, descripcion) FROM stdin;
\.


--
-- TOC entry 3346 (class 0 OID 31815)
-- Dependencies: 227
-- Data for Name: proyecto_teammember; Type: TABLE DATA; Schema: public; Owner: postgres
--

COPY public.proyecto_teammember (id, proyecto_id, rol_id, usuario_id) FROM stdin;
\.


--
-- TOC entry 3318 (class 0 OID 31583)
-- Dependencies: 199
-- Data for Name: rol_permiso; Type: TABLE DATA; Schema: public; Owner: postgres
--

COPY public.rol_permiso (id, nombre, tipo) FROM stdin;
1	Ver Usuarios	1
2	Modificar Usuarios	1
3	Crear Usuarios	1
4	Ver Roles	1
5	Modificar Roles	1
6	Crear Roles	1
7	Crear Proyectos	1
8	Ver Proyectos	1
9	Modificar Proyectos	1
10	Ver Clientes	1
11	Crear Clientes	1
12	Modificar Clientes	1
13	Ver Opciones de Proyecto	2
14	Ver Flujos	2
15	Crear Flujos	2
16	Modificar Flujos	2
17	Ver Tipos de User Story	2
18	Modificar Tipos de User Story	2
19	Crear Tipos de User Story	2
20	Asignar Roles	2
21	Ver Ejecucion de Proyectos	2
22	Ver Sprint	2
23	Crear Sprint	2
24	Modificar Sprint	2
25	Ver User Stories	2
26	Crear User Stories	2
27	Modificar User Stories	2
28	Ver Product Backlog	2
29	Asignar User Stories	2
30	Iniciar Proyecto	2
31	Terminar Proyecto	2
32	Cancelar Proyecto	2
33	Suspender Proyecto	2
34	Iniciar Sprint	2
35	Ver Tablero	2
36	Mover de Estado	2
37	Ver Control de Calidad	2
\.


--
-- TOC entry 3320 (class 0 OID 31591)
-- Dependencies: 201
-- Data for Name: rol_rol; Type: TABLE DATA; Schema: public; Owner: postgres
--

COPY public.rol_rol (id, nombre, descripcion) FROM stdin;
1	Administrador	Manejo de actividades de administración del sistema.
2	Scrum Master	Control sobre todos los permisos de proyecto.
\.


--
-- TOC entry 3322 (class 0 OID 31604)
-- Dependencies: 203
-- Data for Name: rol_rol_permisos; Type: TABLE DATA; Schema: public; Owner: postgres
--

COPY public.rol_rol_permisos (id, rol_id, permiso_id) FROM stdin;
1	1	1
2	1	2
3	1	3
4	1	4
5	1	5
6	1	6
7	1	7
8	1	8
9	1	9
10	1	10
11	1	11
12	1	12
13	2	13
14	2	14
15	2	15
16	2	16
17	2	17
18	2	18
19	2	19
20	2	20
21	2	21
22	2	22
23	2	23
24	2	24
25	2	25
26	2	26
27	2	27
28	2	28
29	2	29
30	2	30
31	2	31
32	2	32
33	2	33
34	2	34
35	2	35
36	2	36
37	2	37
\.


--
-- TOC entry 3353 (class 0 OID 31882)
-- Dependencies: 234
-- Data for Name: sprint_horas; Type: TABLE DATA; Schema: public; Owner: postgres
--

COPY public.sprint_horas (id, horas_laborales, sprint_id, team_member_id) FROM stdin;
\.


--
-- TOC entry 3355 (class 0 OID 31890)
-- Dependencies: 236
-- Data for Name: sprint_sprint; Type: TABLE DATA; Schema: public; Owner: postgres
--

COPY public.sprint_sprint (id, nombre, fecha_inicio, fecha_fin, estado, dias_laborales, dias_habiles, proyecto_id) FROM stdin;
\.


--
-- TOC entry 3357 (class 0 OID 31916)
-- Dependencies: 238
-- Data for Name: tipoUserStory_tipouserstory; Type: TABLE DATA; Schema: public; Owner: postgres
--

COPY public."tipoUserStory_tipouserstory" (id, nombre, descripcion, proyecto_id) FROM stdin;
\.


--
-- TOC entry 3359 (class 0 OID 31927)
-- Dependencies: 240
-- Data for Name: tipoUserStory_tipouserstory_flujos; Type: TABLE DATA; Schema: public; Owner: postgres
--

COPY public."tipoUserStory_tipouserstory_flujos" (id, tipouserstory_id, flujo_id) FROM stdin;
\.


--
-- TOC entry 3361 (class 0 OID 31955)
-- Dependencies: 242
-- Data for Name: userstory_actividad; Type: TABLE DATA; Schema: public; Owner: postgres
--

COPY public.userstory_actividad (id, nombre, descripcion, duracion, fecha, us_id, usuario_id) FROM stdin;
\.


--
-- TOC entry 3363 (class 0 OID 31966)
-- Dependencies: 244
-- Data for Name: userstory_archivo; Type: TABLE DATA; Schema: public; Owner: postgres
--

COPY public.userstory_archivo (id, titulo, archivo, fecha, us_id, usuario_id) FROM stdin;
\.


--
-- TOC entry 3365 (class 0 OID 31974)
-- Dependencies: 246
-- Data for Name: userstory_nota; Type: TABLE DATA; Schema: public; Owner: postgres
--

COPY public.userstory_nota (id, nota, fecha, us_id, usuario_id) FROM stdin;
\.


--
-- TOC entry 3367 (class 0 OID 31985)
-- Dependencies: 248
-- Data for Name: userstory_userstory; Type: TABLE DATA; Schema: public; Owner: postgres
--

COPY public.userstory_userstory (id, estado_fase, nombre, descripcion, fecha_inicio, duracion_estimada, valor_negocio, prioridad, valor_tecnico, estado, fase_id, flujo_id, proyecto_id, sprint_id, team_member_id, tipo_us_id) FROM stdin;
\.


--
-- TOC entry 3369 (class 0 OID 32000)
-- Dependencies: 250
-- Data for Name: userstory_userstory_sprints_asignados; Type: TABLE DATA; Schema: public; Owner: postgres
--

COPY public.userstory_userstory_sprints_asignados (id, userstory_id, sprint_id) FROM stdin;
\.


--
-- TOC entry 3332 (class 0 OID 31686)
-- Dependencies: 213
-- Data for Name: usuarios_usuario; Type: TABLE DATA; Schema: public; Owner: postgres
--

COPY public.usuarios_usuario (id, password, last_login, is_superuser, username, first_name, last_name, is_staff, is_active, date_joined, estado, ci, telefono, direccion, descripcion, email) FROM stdin;
1	pbkdf2_sha256$100000$Bct0dlU60iEC$rdNFcaNc/cpEzQf84nTdJKUM+0DuG8Z/ocml6K5+Nrs=	2019-05-23 09:54:05-04	t	sebasrojas			t	t	2019-05-23 09:53:56-04	Activo	\N	\N	\N		sebastianarojasp@gmail.com
\.


--
-- TOC entry 3334 (class 0 OID 31699)
-- Dependencies: 215
-- Data for Name: usuarios_usuario_groups; Type: TABLE DATA; Schema: public; Owner: postgres
--

COPY public.usuarios_usuario_groups (id, usuario_id, group_id) FROM stdin;
\.


--
-- TOC entry 3336 (class 0 OID 31707)
-- Dependencies: 217
-- Data for Name: usuarios_usuario_permisos; Type: TABLE DATA; Schema: public; Owner: postgres
--

COPY public.usuarios_usuario_permisos (id, usuario_id, permiso_id) FROM stdin;
1	1	1
2	1	2
3	1	3
4	1	4
5	1	5
6	1	6
7	1	7
8	1	8
9	1	9
10	1	10
11	1	11
12	1	12
\.


--
-- TOC entry 3338 (class 0 OID 31715)
-- Dependencies: 219
-- Data for Name: usuarios_usuario_user_permissions; Type: TABLE DATA; Schema: public; Owner: postgres
--

COPY public.usuarios_usuario_user_permissions (id, usuario_id, permission_id) FROM stdin;
\.


--
-- TOC entry 3405 (class 0 OID 0)
-- Dependencies: 208
-- Name: auth_group_id_seq; Type: SEQUENCE SET; Schema: public; Owner: postgres
--

SELECT pg_catalog.setval('public.auth_group_id_seq', 1, false);


--
-- TOC entry 3406 (class 0 OID 0)
-- Dependencies: 210
-- Name: auth_group_permissions_id_seq; Type: SEQUENCE SET; Schema: public; Owner: postgres
--

SELECT pg_catalog.setval('public.auth_group_permissions_id_seq', 1, false);


--
-- TOC entry 3407 (class 0 OID 0)
-- Dependencies: 206
-- Name: auth_permission_id_seq; Type: SEQUENCE SET; Schema: public; Owner: postgres
--

SELECT pg_catalog.setval('public.auth_permission_id_seq', 60, true);


--
-- TOC entry 3408 (class 0 OID 0)
-- Dependencies: 222
-- Name: clientes_cliente_id_seq; Type: SEQUENCE SET; Schema: public; Owner: postgres
--

SELECT pg_catalog.setval('public.clientes_cliente_id_seq', 1, false);


--
-- TOC entry 3409 (class 0 OID 0)
-- Dependencies: 220
-- Name: django_admin_log_id_seq; Type: SEQUENCE SET; Schema: public; Owner: postgres
--

SELECT pg_catalog.setval('public.django_admin_log_id_seq', 40, true);


--
-- TOC entry 3410 (class 0 OID 0)
-- Dependencies: 204
-- Name: django_content_type_id_seq; Type: SEQUENCE SET; Schema: public; Owner: postgres
--

SELECT pg_catalog.setval('public.django_content_type_id_seq', 20, true);


--
-- TOC entry 3411 (class 0 OID 0)
-- Dependencies: 196
-- Name: django_migrations_id_seq; Type: SEQUENCE SET; Schema: public; Owner: postgres
--

SELECT pg_catalog.setval('public.django_migrations_id_seq', 26, true);


--
-- TOC entry 3412 (class 0 OID 0)
-- Dependencies: 228
-- Name: flujo_fase_id_seq; Type: SEQUENCE SET; Schema: public; Owner: postgres
--

SELECT pg_catalog.setval('public.flujo_fase_id_seq', 1, false);


--
-- TOC entry 3413 (class 0 OID 0)
-- Dependencies: 230
-- Name: flujo_flujo_id_seq; Type: SEQUENCE SET; Schema: public; Owner: postgres
--

SELECT pg_catalog.setval('public.flujo_flujo_id_seq', 1, false);


--
-- TOC entry 3414 (class 0 OID 0)
-- Dependencies: 224
-- Name: proyecto_proyecto_id_seq; Type: SEQUENCE SET; Schema: public; Owner: postgres
--

SELECT pg_catalog.setval('public.proyecto_proyecto_id_seq', 1, false);


--
-- TOC entry 3415 (class 0 OID 0)
-- Dependencies: 226
-- Name: proyecto_teammember_id_seq; Type: SEQUENCE SET; Schema: public; Owner: postgres
--

SELECT pg_catalog.setval('public.proyecto_teammember_id_seq', 1, false);


--
-- TOC entry 3416 (class 0 OID 0)
-- Dependencies: 198
-- Name: rol_permiso_id_seq; Type: SEQUENCE SET; Schema: public; Owner: postgres
--

SELECT pg_catalog.setval('public.rol_permiso_id_seq', 37, true);


--
-- TOC entry 3417 (class 0 OID 0)
-- Dependencies: 200
-- Name: rol_rol_id_seq; Type: SEQUENCE SET; Schema: public; Owner: postgres
--

SELECT pg_catalog.setval('public.rol_rol_id_seq', 2, true);


--
-- TOC entry 3418 (class 0 OID 0)
-- Dependencies: 202
-- Name: rol_rol_permisos_id_seq; Type: SEQUENCE SET; Schema: public; Owner: postgres
--

SELECT pg_catalog.setval('public.rol_rol_permisos_id_seq', 37, true);


--
-- TOC entry 3419 (class 0 OID 0)
-- Dependencies: 233
-- Name: sprint_horas_id_seq; Type: SEQUENCE SET; Schema: public; Owner: postgres
--

SELECT pg_catalog.setval('public.sprint_horas_id_seq', 1, false);


--
-- TOC entry 3420 (class 0 OID 0)
-- Dependencies: 235
-- Name: sprint_sprint_id_seq; Type: SEQUENCE SET; Schema: public; Owner: postgres
--

SELECT pg_catalog.setval('public.sprint_sprint_id_seq', 1, false);


--
-- TOC entry 3421 (class 0 OID 0)
-- Dependencies: 239
-- Name: tipoUserStory_tipouserstory_flujos_id_seq; Type: SEQUENCE SET; Schema: public; Owner: postgres
--

SELECT pg_catalog.setval('public."tipoUserStory_tipouserstory_flujos_id_seq"', 1, false);


--
-- TOC entry 3422 (class 0 OID 0)
-- Dependencies: 237
-- Name: tipoUserStory_tipouserstory_id_seq; Type: SEQUENCE SET; Schema: public; Owner: postgres
--

SELECT pg_catalog.setval('public."tipoUserStory_tipouserstory_id_seq"', 1, false);


--
-- TOC entry 3423 (class 0 OID 0)
-- Dependencies: 241
-- Name: userstory_actividad_id_seq; Type: SEQUENCE SET; Schema: public; Owner: postgres
--

SELECT pg_catalog.setval('public.userstory_actividad_id_seq', 1, false);


--
-- TOC entry 3424 (class 0 OID 0)
-- Dependencies: 243
-- Name: userstory_archivo_id_seq; Type: SEQUENCE SET; Schema: public; Owner: postgres
--

SELECT pg_catalog.setval('public.userstory_archivo_id_seq', 1, false);


--
-- TOC entry 3425 (class 0 OID 0)
-- Dependencies: 245
-- Name: userstory_nota_id_seq; Type: SEQUENCE SET; Schema: public; Owner: postgres
--

SELECT pg_catalog.setval('public.userstory_nota_id_seq', 1, false);


--
-- TOC entry 3426 (class 0 OID 0)
-- Dependencies: 247
-- Name: userstory_userstory_id_seq; Type: SEQUENCE SET; Schema: public; Owner: postgres
--

SELECT pg_catalog.setval('public.userstory_userstory_id_seq', 1, false);


--
-- TOC entry 3427 (class 0 OID 0)
-- Dependencies: 249
-- Name: userstory_userstory_sprints_asignados_id_seq; Type: SEQUENCE SET; Schema: public; Owner: postgres
--

SELECT pg_catalog.setval('public.userstory_userstory_sprints_asignados_id_seq', 1, false);


--
-- TOC entry 3428 (class 0 OID 0)
-- Dependencies: 214
-- Name: usuarios_usuario_groups_id_seq; Type: SEQUENCE SET; Schema: public; Owner: postgres
--

SELECT pg_catalog.setval('public.usuarios_usuario_groups_id_seq', 1, false);


--
-- TOC entry 3429 (class 0 OID 0)
-- Dependencies: 212
-- Name: usuarios_usuario_id_seq; Type: SEQUENCE SET; Schema: public; Owner: postgres
--

SELECT pg_catalog.setval('public.usuarios_usuario_id_seq', 1, true);


--
-- TOC entry 3430 (class 0 OID 0)
-- Dependencies: 216
-- Name: usuarios_usuario_permisos_id_seq; Type: SEQUENCE SET; Schema: public; Owner: postgres
--

SELECT pg_catalog.setval('public.usuarios_usuario_permisos_id_seq', 12, true);


--
-- TOC entry 3431 (class 0 OID 0)
-- Dependencies: 218
-- Name: usuarios_usuario_user_permissions_id_seq; Type: SEQUENCE SET; Schema: public; Owner: postgres
--

SELECT pg_catalog.setval('public.usuarios_usuario_user_permissions_id_seq', 1, false);


--
-- TOC entry 3056 (class 2606 OID 31652)
-- Name: auth_group auth_group_name_key; Type: CONSTRAINT; Schema: public; Owner: postgres
--

ALTER TABLE ONLY public.auth_group
    ADD CONSTRAINT auth_group_name_key UNIQUE (name);


--
-- TOC entry 3061 (class 2606 OID 31681)
-- Name: auth_group_permissions auth_group_permissions_group_id_permission_id_0cd325b0_uniq; Type: CONSTRAINT; Schema: public; Owner: postgres
--

ALTER TABLE ONLY public.auth_group_permissions
    ADD CONSTRAINT auth_group_permissions_group_id_permission_id_0cd325b0_uniq UNIQUE (group_id, permission_id);


--
-- TOC entry 3064 (class 2606 OID 31660)
-- Name: auth_group_permissions auth_group_permissions_pkey; Type: CONSTRAINT; Schema: public; Owner: postgres
--

ALTER TABLE ONLY public.auth_group_permissions
    ADD CONSTRAINT auth_group_permissions_pkey PRIMARY KEY (id);


--
-- TOC entry 3058 (class 2606 OID 31650)
-- Name: auth_group auth_group_pkey; Type: CONSTRAINT; Schema: public; Owner: postgres
--

ALTER TABLE ONLY public.auth_group
    ADD CONSTRAINT auth_group_pkey PRIMARY KEY (id);


--
-- TOC entry 3051 (class 2606 OID 31667)
-- Name: auth_permission auth_permission_content_type_id_codename_01ab375a_uniq; Type: CONSTRAINT; Schema: public; Owner: postgres
--

ALTER TABLE ONLY public.auth_permission
    ADD CONSTRAINT auth_permission_content_type_id_codename_01ab375a_uniq UNIQUE (content_type_id, codename);


--
-- TOC entry 3053 (class 2606 OID 31642)
-- Name: auth_permission auth_permission_pkey; Type: CONSTRAINT; Schema: public; Owner: postgres
--

ALTER TABLE ONLY public.auth_permission
    ADD CONSTRAINT auth_permission_pkey PRIMARY KEY (id);


--
-- TOC entry 3093 (class 2606 OID 31798)
-- Name: clientes_cliente clientes_cliente_pkey; Type: CONSTRAINT; Schema: public; Owner: postgres
--

ALTER TABLE ONLY public.clientes_cliente
    ADD CONSTRAINT clientes_cliente_pkey PRIMARY KEY (id);


--
-- TOC entry 3096 (class 2606 OID 31800)
-- Name: clientes_cliente clientes_cliente_ruc_key; Type: CONSTRAINT; Schema: public; Owner: postgres
--

ALTER TABLE ONLY public.clientes_cliente
    ADD CONSTRAINT clientes_cliente_ruc_key UNIQUE (ruc);


--
-- TOC entry 3090 (class 2606 OID 31775)
-- Name: django_admin_log django_admin_log_pkey; Type: CONSTRAINT; Schema: public; Owner: postgres
--

ALTER TABLE ONLY public.django_admin_log
    ADD CONSTRAINT django_admin_log_pkey PRIMARY KEY (id);


--
-- TOC entry 3046 (class 2606 OID 31634)
-- Name: django_content_type django_content_type_app_label_model_76bd3d3b_uniq; Type: CONSTRAINT; Schema: public; Owner: postgres
--

ALTER TABLE ONLY public.django_content_type
    ADD CONSTRAINT django_content_type_app_label_model_76bd3d3b_uniq UNIQUE (app_label, model);


--
-- TOC entry 3048 (class 2606 OID 31632)
-- Name: django_content_type django_content_type_pkey; Type: CONSTRAINT; Schema: public; Owner: postgres
--

ALTER TABLE ONLY public.django_content_type
    ADD CONSTRAINT django_content_type_pkey PRIMARY KEY (id);


--
-- TOC entry 3031 (class 2606 OID 31580)
-- Name: django_migrations django_migrations_pkey; Type: CONSTRAINT; Schema: public; Owner: postgres
--

ALTER TABLE ONLY public.django_migrations
    ADD CONSTRAINT django_migrations_pkey PRIMARY KEY (id);


--
-- TOC entry 3112 (class 2606 OID 31877)
-- Name: django_session django_session_pkey; Type: CONSTRAINT; Schema: public; Owner: postgres
--

ALTER TABLE ONLY public.django_session
    ADD CONSTRAINT django_session_pkey PRIMARY KEY (session_key);


--
-- TOC entry 3106 (class 2606 OID 31840)
-- Name: flujo_fase flujo_fase_pkey; Type: CONSTRAINT; Schema: public; Owner: postgres
--

ALTER TABLE ONLY public.flujo_fase
    ADD CONSTRAINT flujo_fase_pkey PRIMARY KEY (id);


--
-- TOC entry 3108 (class 2606 OID 31851)
-- Name: flujo_flujo flujo_flujo_pkey; Type: CONSTRAINT; Schema: public; Owner: postgres
--

ALTER TABLE ONLY public.flujo_flujo
    ADD CONSTRAINT flujo_flujo_pkey PRIMARY KEY (id);


--
-- TOC entry 3098 (class 2606 OID 31812)
-- Name: proyecto_proyecto proyecto_proyecto_pkey; Type: CONSTRAINT; Schema: public; Owner: postgres
--

ALTER TABLE ONLY public.proyecto_proyecto
    ADD CONSTRAINT proyecto_proyecto_pkey PRIMARY KEY (id);


--
-- TOC entry 3100 (class 2606 OID 31820)
-- Name: proyecto_teammember proyecto_teammember_pkey; Type: CONSTRAINT; Schema: public; Owner: postgres
--

ALTER TABLE ONLY public.proyecto_teammember
    ADD CONSTRAINT proyecto_teammember_pkey PRIMARY KEY (id);


--
-- TOC entry 3033 (class 2606 OID 31588)
-- Name: rol_permiso rol_permiso_pkey; Type: CONSTRAINT; Schema: public; Owner: postgres
--

ALTER TABLE ONLY public.rol_permiso
    ADD CONSTRAINT rol_permiso_pkey PRIMARY KEY (id);


--
-- TOC entry 3036 (class 2606 OID 31601)
-- Name: rol_rol rol_rol_nombre_key; Type: CONSTRAINT; Schema: public; Owner: postgres
--

ALTER TABLE ONLY public.rol_rol
    ADD CONSTRAINT rol_rol_nombre_key UNIQUE (nombre);


--
-- TOC entry 3041 (class 2606 OID 31609)
-- Name: rol_rol_permisos rol_rol_permisos_pkey; Type: CONSTRAINT; Schema: public; Owner: postgres
--

ALTER TABLE ONLY public.rol_rol_permisos
    ADD CONSTRAINT rol_rol_permisos_pkey PRIMARY KEY (id);


--
-- TOC entry 3044 (class 2606 OID 31622)
-- Name: rol_rol_permisos rol_rol_permisos_rol_id_permiso_id_48216c3d_uniq; Type: CONSTRAINT; Schema: public; Owner: postgres
--

ALTER TABLE ONLY public.rol_rol_permisos
    ADD CONSTRAINT rol_rol_permisos_rol_id_permiso_id_48216c3d_uniq UNIQUE (rol_id, permiso_id);


--
-- TOC entry 3038 (class 2606 OID 31599)
-- Name: rol_rol rol_rol_pkey; Type: CONSTRAINT; Schema: public; Owner: postgres
--

ALTER TABLE ONLY public.rol_rol
    ADD CONSTRAINT rol_rol_pkey PRIMARY KEY (id);


--
-- TOC entry 3115 (class 2606 OID 31887)
-- Name: sprint_horas sprint_horas_pkey; Type: CONSTRAINT; Schema: public; Owner: postgres
--

ALTER TABLE ONLY public.sprint_horas
    ADD CONSTRAINT sprint_horas_pkey PRIMARY KEY (id);


--
-- TOC entry 3119 (class 2606 OID 31895)
-- Name: sprint_sprint sprint_sprint_pkey; Type: CONSTRAINT; Schema: public; Owner: postgres
--

ALTER TABLE ONLY public.sprint_sprint
    ADD CONSTRAINT sprint_sprint_pkey PRIMARY KEY (id);


--
-- TOC entry 3126 (class 2606 OID 31932)
-- Name: tipoUserStory_tipouserstory_flujos tipoUserStory_tipouserstory_flujos_pkey; Type: CONSTRAINT; Schema: public; Owner: postgres
--

ALTER TABLE ONLY public."tipoUserStory_tipouserstory_flujos"
    ADD CONSTRAINT "tipoUserStory_tipouserstory_flujos_pkey" PRIMARY KEY (id);


--
-- TOC entry 3122 (class 2606 OID 31924)
-- Name: tipoUserStory_tipouserstory tipoUserStory_tipouserstory_pkey; Type: CONSTRAINT; Schema: public; Owner: postgres
--

ALTER TABLE ONLY public."tipoUserStory_tipouserstory"
    ADD CONSTRAINT "tipoUserStory_tipouserstory_pkey" PRIMARY KEY (id);


--
-- TOC entry 3129 (class 2606 OID 31950)
-- Name: tipoUserStory_tipouserstory_flujos tipouserstory_tipouserst_tipouserstory_id_flujo_i_02a3a3c7_uniq; Type: CONSTRAINT; Schema: public; Owner: postgres
--

ALTER TABLE ONLY public."tipoUserStory_tipouserstory_flujos"
    ADD CONSTRAINT tipouserstory_tipouserst_tipouserstory_id_flujo_i_02a3a3c7_uniq UNIQUE (tipouserstory_id, flujo_id);


--
-- TOC entry 3131 (class 2606 OID 31963)
-- Name: userstory_actividad userstory_actividad_pkey; Type: CONSTRAINT; Schema: public; Owner: postgres
--

ALTER TABLE ONLY public.userstory_actividad
    ADD CONSTRAINT userstory_actividad_pkey PRIMARY KEY (id);


--
-- TOC entry 3135 (class 2606 OID 31971)
-- Name: userstory_archivo userstory_archivo_pkey; Type: CONSTRAINT; Schema: public; Owner: postgres
--

ALTER TABLE ONLY public.userstory_archivo
    ADD CONSTRAINT userstory_archivo_pkey PRIMARY KEY (id);


--
-- TOC entry 3139 (class 2606 OID 31982)
-- Name: userstory_nota userstory_nota_pkey; Type: CONSTRAINT; Schema: public; Owner: postgres
--

ALTER TABLE ONLY public.userstory_nota
    ADD CONSTRAINT userstory_nota_pkey PRIMARY KEY (id);


--
-- TOC entry 3145 (class 2606 OID 31997)
-- Name: userstory_userstory userstory_userstory_pkey; Type: CONSTRAINT; Schema: public; Owner: postgres
--

ALTER TABLE ONLY public.userstory_userstory
    ADD CONSTRAINT userstory_userstory_pkey PRIMARY KEY (id);


--
-- TOC entry 3151 (class 2606 OID 32041)
-- Name: userstory_userstory_sprints_asignados userstory_userstory_spri_userstory_id_sprint_id_2b14e3a5_uniq; Type: CONSTRAINT; Schema: public; Owner: postgres
--

ALTER TABLE ONLY public.userstory_userstory_sprints_asignados
    ADD CONSTRAINT userstory_userstory_spri_userstory_id_sprint_id_2b14e3a5_uniq UNIQUE (userstory_id, sprint_id);


--
-- TOC entry 3153 (class 2606 OID 32005)
-- Name: userstory_userstory_sprints_asignados userstory_userstory_sprints_asignados_pkey; Type: CONSTRAINT; Schema: public; Owner: postgres
--

ALTER TABLE ONLY public.userstory_userstory_sprints_asignados
    ADD CONSTRAINT userstory_userstory_sprints_asignados_pkey PRIMARY KEY (id);


--
-- TOC entry 3072 (class 2606 OID 31704)
-- Name: usuarios_usuario_groups usuarios_usuario_groups_pkey; Type: CONSTRAINT; Schema: public; Owner: postgres
--

ALTER TABLE ONLY public.usuarios_usuario_groups
    ADD CONSTRAINT usuarios_usuario_groups_pkey PRIMARY KEY (id);


--
-- TOC entry 3075 (class 2606 OID 31733)
-- Name: usuarios_usuario_groups usuarios_usuario_groups_usuario_id_group_id_4ed5b09e_uniq; Type: CONSTRAINT; Schema: public; Owner: postgres
--

ALTER TABLE ONLY public.usuarios_usuario_groups
    ADD CONSTRAINT usuarios_usuario_groups_usuario_id_group_id_4ed5b09e_uniq UNIQUE (usuario_id, group_id);


--
-- TOC entry 3078 (class 2606 OID 31712)
-- Name: usuarios_usuario_permisos usuarios_usuario_permisos_pkey; Type: CONSTRAINT; Schema: public; Owner: postgres
--

ALTER TABLE ONLY public.usuarios_usuario_permisos
    ADD CONSTRAINT usuarios_usuario_permisos_pkey PRIMARY KEY (id);


--
-- TOC entry 3081 (class 2606 OID 31747)
-- Name: usuarios_usuario_permisos usuarios_usuario_permisos_usuario_id_permiso_id_4098f0ba_uniq; Type: CONSTRAINT; Schema: public; Owner: postgres
--

ALTER TABLE ONLY public.usuarios_usuario_permisos
    ADD CONSTRAINT usuarios_usuario_permisos_usuario_id_permiso_id_4098f0ba_uniq UNIQUE (usuario_id, permiso_id);


--
-- TOC entry 3066 (class 2606 OID 31694)
-- Name: usuarios_usuario usuarios_usuario_pkey; Type: CONSTRAINT; Schema: public; Owner: postgres
--

ALTER TABLE ONLY public.usuarios_usuario
    ADD CONSTRAINT usuarios_usuario_pkey PRIMARY KEY (id);


--
-- TOC entry 3083 (class 2606 OID 31761)
-- Name: usuarios_usuario_user_permissions usuarios_usuario_user_pe_usuario_id_permission_id_217cadcd_uniq; Type: CONSTRAINT; Schema: public; Owner: postgres
--

ALTER TABLE ONLY public.usuarios_usuario_user_permissions
    ADD CONSTRAINT usuarios_usuario_user_pe_usuario_id_permission_id_217cadcd_uniq UNIQUE (usuario_id, permission_id);


--
-- TOC entry 3086 (class 2606 OID 31720)
-- Name: usuarios_usuario_user_permissions usuarios_usuario_user_permissions_pkey; Type: CONSTRAINT; Schema: public; Owner: postgres
--

ALTER TABLE ONLY public.usuarios_usuario_user_permissions
    ADD CONSTRAINT usuarios_usuario_user_permissions_pkey PRIMARY KEY (id);


--
-- TOC entry 3069 (class 2606 OID 31696)
-- Name: usuarios_usuario usuarios_usuario_username_key; Type: CONSTRAINT; Schema: public; Owner: postgres
--

ALTER TABLE ONLY public.usuarios_usuario
    ADD CONSTRAINT usuarios_usuario_username_key UNIQUE (username);


--
-- TOC entry 3054 (class 1259 OID 31669)
-- Name: auth_group_name_a6ea08ec_like; Type: INDEX; Schema: public; Owner: postgres
--

CREATE INDEX auth_group_name_a6ea08ec_like ON public.auth_group USING btree (name varchar_pattern_ops);


--
-- TOC entry 3059 (class 1259 OID 31682)
-- Name: auth_group_permissions_group_id_b120cbf9; Type: INDEX; Schema: public; Owner: postgres
--

CREATE INDEX auth_group_permissions_group_id_b120cbf9 ON public.auth_group_permissions USING btree (group_id);


--
-- TOC entry 3062 (class 1259 OID 31683)
-- Name: auth_group_permissions_permission_id_84c5c92e; Type: INDEX; Schema: public; Owner: postgres
--

CREATE INDEX auth_group_permissions_permission_id_84c5c92e ON public.auth_group_permissions USING btree (permission_id);


--
-- TOC entry 3049 (class 1259 OID 31668)
-- Name: auth_permission_content_type_id_2f476e4b; Type: INDEX; Schema: public; Owner: postgres
--

CREATE INDEX auth_permission_content_type_id_2f476e4b ON public.auth_permission USING btree (content_type_id);


--
-- TOC entry 3094 (class 1259 OID 31801)
-- Name: clientes_cliente_ruc_02216710_like; Type: INDEX; Schema: public; Owner: postgres
--

CREATE INDEX clientes_cliente_ruc_02216710_like ON public.clientes_cliente USING btree (ruc varchar_pattern_ops);


--
-- TOC entry 3088 (class 1259 OID 31786)
-- Name: django_admin_log_content_type_id_c4bce8eb; Type: INDEX; Schema: public; Owner: postgres
--

CREATE INDEX django_admin_log_content_type_id_c4bce8eb ON public.django_admin_log USING btree (content_type_id);


--
-- TOC entry 3091 (class 1259 OID 31787)
-- Name: django_admin_log_user_id_c564eba6; Type: INDEX; Schema: public; Owner: postgres
--

CREATE INDEX django_admin_log_user_id_c564eba6 ON public.django_admin_log USING btree (user_id);


--
-- TOC entry 3110 (class 1259 OID 31879)
-- Name: django_session_expire_date_a5c62663; Type: INDEX; Schema: public; Owner: postgres
--

CREATE INDEX django_session_expire_date_a5c62663 ON public.django_session USING btree (expire_date);


--
-- TOC entry 3113 (class 1259 OID 31878)
-- Name: django_session_session_key_c0390e0f_like; Type: INDEX; Schema: public; Owner: postgres
--

CREATE INDEX django_session_session_key_c0390e0f_like ON public.django_session USING btree (session_key varchar_pattern_ops);


--
-- TOC entry 3104 (class 1259 OID 31858)
-- Name: flujo_fase_flujo_id_d39dd2e5; Type: INDEX; Schema: public; Owner: postgres
--

CREATE INDEX flujo_fase_flujo_id_d39dd2e5 ON public.flujo_fase USING btree (flujo_id);


--
-- TOC entry 3109 (class 1259 OID 31852)
-- Name: flujo_flujo_proyecto_id_48fd0611; Type: INDEX; Schema: public; Owner: postgres
--

CREATE INDEX flujo_flujo_proyecto_id_48fd0611 ON public.flujo_flujo USING btree (proyecto_id);


--
-- TOC entry 3101 (class 1259 OID 31831)
-- Name: proyecto_teammember_proyecto_id_e429383f; Type: INDEX; Schema: public; Owner: postgres
--

CREATE INDEX proyecto_teammember_proyecto_id_e429383f ON public.proyecto_teammember USING btree (proyecto_id);


--
-- TOC entry 3102 (class 1259 OID 31832)
-- Name: proyecto_teammember_rol_id_bf8bd91a; Type: INDEX; Schema: public; Owner: postgres
--

CREATE INDEX proyecto_teammember_rol_id_bf8bd91a ON public.proyecto_teammember USING btree (rol_id);


--
-- TOC entry 3103 (class 1259 OID 31864)
-- Name: proyecto_teammember_usuario_id_2c9f2c76; Type: INDEX; Schema: public; Owner: postgres
--

CREATE INDEX proyecto_teammember_usuario_id_2c9f2c76 ON public.proyecto_teammember USING btree (usuario_id);


--
-- TOC entry 3034 (class 1259 OID 31610)
-- Name: rol_rol_nombre_48d13cf6_like; Type: INDEX; Schema: public; Owner: postgres
--

CREATE INDEX rol_rol_nombre_48d13cf6_like ON public.rol_rol USING btree (nombre varchar_pattern_ops);


--
-- TOC entry 3039 (class 1259 OID 31624)
-- Name: rol_rol_permisos_permiso_id_bedf62a8; Type: INDEX; Schema: public; Owner: postgres
--

CREATE INDEX rol_rol_permisos_permiso_id_bedf62a8 ON public.rol_rol_permisos USING btree (permiso_id);


--
-- TOC entry 3042 (class 1259 OID 31623)
-- Name: rol_rol_permisos_rol_id_0b04dd57; Type: INDEX; Schema: public; Owner: postgres
--

CREATE INDEX rol_rol_permisos_rol_id_0b04dd57 ON public.rol_rol_permisos USING btree (rol_id);


--
-- TOC entry 3116 (class 1259 OID 31902)
-- Name: sprint_horas_sprint_id_f9311bf3; Type: INDEX; Schema: public; Owner: postgres
--

CREATE INDEX sprint_horas_sprint_id_f9311bf3 ON public.sprint_horas USING btree (sprint_id);


--
-- TOC entry 3117 (class 1259 OID 31908)
-- Name: sprint_horas_team_member_id_f40a44b4; Type: INDEX; Schema: public; Owner: postgres
--

CREATE INDEX sprint_horas_team_member_id_f40a44b4 ON public.sprint_horas USING btree (team_member_id);


--
-- TOC entry 3120 (class 1259 OID 31901)
-- Name: sprint_sprint_proyecto_id_119395d9; Type: INDEX; Schema: public; Owner: postgres
--

CREATE INDEX sprint_sprint_proyecto_id_119395d9 ON public.sprint_sprint USING btree (proyecto_id);


--
-- TOC entry 3124 (class 1259 OID 31952)
-- Name: tipoUserStory_tipouserstory_flujos_flujo_id_0b349703; Type: INDEX; Schema: public; Owner: postgres
--

CREATE INDEX "tipoUserStory_tipouserstory_flujos_flujo_id_0b349703" ON public."tipoUserStory_tipouserstory_flujos" USING btree (flujo_id);


--
-- TOC entry 3127 (class 1259 OID 31951)
-- Name: tipoUserStory_tipouserstory_flujos_tipouserstory_id_a4c17589; Type: INDEX; Schema: public; Owner: postgres
--

CREATE INDEX "tipoUserStory_tipouserstory_flujos_tipouserstory_id_a4c17589" ON public."tipoUserStory_tipouserstory_flujos" USING btree (tipouserstory_id);


--
-- TOC entry 3123 (class 1259 OID 31938)
-- Name: tipoUserStory_tipouserstory_proyecto_id_b06b1ab8; Type: INDEX; Schema: public; Owner: postgres
--

CREATE INDEX "tipoUserStory_tipouserstory_proyecto_id_b06b1ab8" ON public."tipoUserStory_tipouserstory" USING btree (proyecto_id);


--
-- TOC entry 3132 (class 1259 OID 32080)
-- Name: userstory_actividad_us_id_e163dd84; Type: INDEX; Schema: public; Owner: postgres
--

CREATE INDEX userstory_actividad_us_id_e163dd84 ON public.userstory_actividad USING btree (us_id);


--
-- TOC entry 3133 (class 1259 OID 32086)
-- Name: userstory_actividad_usuario_id_71c0a10b; Type: INDEX; Schema: public; Owner: postgres
--

CREATE INDEX userstory_actividad_usuario_id_71c0a10b ON public.userstory_actividad USING btree (usuario_id);


--
-- TOC entry 3136 (class 1259 OID 32068)
-- Name: userstory_archivo_us_id_48105005; Type: INDEX; Schema: public; Owner: postgres
--

CREATE INDEX userstory_archivo_us_id_48105005 ON public.userstory_archivo USING btree (us_id);


--
-- TOC entry 3137 (class 1259 OID 32074)
-- Name: userstory_archivo_usuario_id_4e32718c; Type: INDEX; Schema: public; Owner: postgres
--

CREATE INDEX userstory_archivo_usuario_id_4e32718c ON public.userstory_archivo USING btree (usuario_id);


--
-- TOC entry 3140 (class 1259 OID 32056)
-- Name: userstory_nota_us_id_40ee4694; Type: INDEX; Schema: public; Owner: postgres
--

CREATE INDEX userstory_nota_us_id_40ee4694 ON public.userstory_nota USING btree (us_id);


--
-- TOC entry 3141 (class 1259 OID 32062)
-- Name: userstory_nota_usuario_id_759ca2be; Type: INDEX; Schema: public; Owner: postgres
--

CREATE INDEX userstory_nota_usuario_id_759ca2be ON public.userstory_nota USING btree (usuario_id);


--
-- TOC entry 3142 (class 1259 OID 32026)
-- Name: userstory_userstory_fase_id_e5347d9b; Type: INDEX; Schema: public; Owner: postgres
--

CREATE INDEX userstory_userstory_fase_id_e5347d9b ON public.userstory_userstory USING btree (fase_id);


--
-- TOC entry 3143 (class 1259 OID 32027)
-- Name: userstory_userstory_flujo_id_8a9cd71d; Type: INDEX; Schema: public; Owner: postgres
--

CREATE INDEX userstory_userstory_flujo_id_8a9cd71d ON public.userstory_userstory USING btree (flujo_id);


--
-- TOC entry 3146 (class 1259 OID 32028)
-- Name: userstory_userstory_proyecto_id_81fe69a3; Type: INDEX; Schema: public; Owner: postgres
--

CREATE INDEX userstory_userstory_proyecto_id_81fe69a3 ON public.userstory_userstory USING btree (proyecto_id);


--
-- TOC entry 3147 (class 1259 OID 32029)
-- Name: userstory_userstory_sprint_id_2b178521; Type: INDEX; Schema: public; Owner: postgres
--

CREATE INDEX userstory_userstory_sprint_id_2b178521 ON public.userstory_userstory USING btree (sprint_id);


--
-- TOC entry 3154 (class 1259 OID 32043)
-- Name: userstory_userstory_sprints_asignados_sprint_id_8c46152b; Type: INDEX; Schema: public; Owner: postgres
--

CREATE INDEX userstory_userstory_sprints_asignados_sprint_id_8c46152b ON public.userstory_userstory_sprints_asignados USING btree (sprint_id);


--
-- TOC entry 3155 (class 1259 OID 32042)
-- Name: userstory_userstory_sprints_asignados_userstory_id_1ae0dcd5; Type: INDEX; Schema: public; Owner: postgres
--

CREATE INDEX userstory_userstory_sprints_asignados_userstory_id_1ae0dcd5 ON public.userstory_userstory_sprints_asignados USING btree (userstory_id);


--
-- TOC entry 3148 (class 1259 OID 32044)
-- Name: userstory_userstory_team_member_id_43a7fd91; Type: INDEX; Schema: public; Owner: postgres
--

CREATE INDEX userstory_userstory_team_member_id_43a7fd91 ON public.userstory_userstory USING btree (team_member_id);


--
-- TOC entry 3149 (class 1259 OID 32050)
-- Name: userstory_userstory_tipo_us_id_e254c662; Type: INDEX; Schema: public; Owner: postgres
--

CREATE INDEX userstory_userstory_tipo_us_id_e254c662 ON public.userstory_userstory USING btree (tipo_us_id);


--
-- TOC entry 3070 (class 1259 OID 31735)
-- Name: usuarios_usuario_groups_group_id_e77f6dcf; Type: INDEX; Schema: public; Owner: postgres
--

CREATE INDEX usuarios_usuario_groups_group_id_e77f6dcf ON public.usuarios_usuario_groups USING btree (group_id);


--
-- TOC entry 3073 (class 1259 OID 31734)
-- Name: usuarios_usuario_groups_usuario_id_7a34077f; Type: INDEX; Schema: public; Owner: postgres
--

CREATE INDEX usuarios_usuario_groups_usuario_id_7a34077f ON public.usuarios_usuario_groups USING btree (usuario_id);


--
-- TOC entry 3076 (class 1259 OID 31749)
-- Name: usuarios_usuario_permisos_permiso_id_59046850; Type: INDEX; Schema: public; Owner: postgres
--

CREATE INDEX usuarios_usuario_permisos_permiso_id_59046850 ON public.usuarios_usuario_permisos USING btree (permiso_id);


--
-- TOC entry 3079 (class 1259 OID 31748)
-- Name: usuarios_usuario_permisos_usuario_id_e23dafe6; Type: INDEX; Schema: public; Owner: postgres
--

CREATE INDEX usuarios_usuario_permisos_usuario_id_e23dafe6 ON public.usuarios_usuario_permisos USING btree (usuario_id);


--
-- TOC entry 3084 (class 1259 OID 31763)
-- Name: usuarios_usuario_user_permissions_permission_id_4e5c0f2f; Type: INDEX; Schema: public; Owner: postgres
--

CREATE INDEX usuarios_usuario_user_permissions_permission_id_4e5c0f2f ON public.usuarios_usuario_user_permissions USING btree (permission_id);


--
-- TOC entry 3087 (class 1259 OID 31762)
-- Name: usuarios_usuario_user_permissions_usuario_id_60aeea80; Type: INDEX; Schema: public; Owner: postgres
--

CREATE INDEX usuarios_usuario_user_permissions_usuario_id_60aeea80 ON public.usuarios_usuario_user_permissions USING btree (usuario_id);


--
-- TOC entry 3067 (class 1259 OID 31721)
-- Name: usuarios_usuario_username_be9def2b_like; Type: INDEX; Schema: public; Owner: postgres
--

CREATE INDEX usuarios_usuario_username_be9def2b_like ON public.usuarios_usuario USING btree (username varchar_pattern_ops);


--
-- TOC entry 3160 (class 2606 OID 31675)
-- Name: auth_group_permissions auth_group_permissio_permission_id_84c5c92e_fk_auth_perm; Type: FK CONSTRAINT; Schema: public; Owner: postgres
--

ALTER TABLE ONLY public.auth_group_permissions
    ADD CONSTRAINT auth_group_permissio_permission_id_84c5c92e_fk_auth_perm FOREIGN KEY (permission_id) REFERENCES public.auth_permission(id) DEFERRABLE INITIALLY DEFERRED;


--
-- TOC entry 3159 (class 2606 OID 31670)
-- Name: auth_group_permissions auth_group_permissions_group_id_b120cbf9_fk_auth_group_id; Type: FK CONSTRAINT; Schema: public; Owner: postgres
--

ALTER TABLE ONLY public.auth_group_permissions
    ADD CONSTRAINT auth_group_permissions_group_id_b120cbf9_fk_auth_group_id FOREIGN KEY (group_id) REFERENCES public.auth_group(id) DEFERRABLE INITIALLY DEFERRED;


--
-- TOC entry 3158 (class 2606 OID 31661)
-- Name: auth_permission auth_permission_content_type_id_2f476e4b_fk_django_co; Type: FK CONSTRAINT; Schema: public; Owner: postgres
--

ALTER TABLE ONLY public.auth_permission
    ADD CONSTRAINT auth_permission_content_type_id_2f476e4b_fk_django_co FOREIGN KEY (content_type_id) REFERENCES public.django_content_type(id) DEFERRABLE INITIALLY DEFERRED;


--
-- TOC entry 3167 (class 2606 OID 31776)
-- Name: django_admin_log django_admin_log_content_type_id_c4bce8eb_fk_django_co; Type: FK CONSTRAINT; Schema: public; Owner: postgres
--

ALTER TABLE ONLY public.django_admin_log
    ADD CONSTRAINT django_admin_log_content_type_id_c4bce8eb_fk_django_co FOREIGN KEY (content_type_id) REFERENCES public.django_content_type(id) DEFERRABLE INITIALLY DEFERRED;


--
-- TOC entry 3168 (class 2606 OID 31781)
-- Name: django_admin_log django_admin_log_user_id_c564eba6_fk_usuarios_usuario_id; Type: FK CONSTRAINT; Schema: public; Owner: postgres
--

ALTER TABLE ONLY public.django_admin_log
    ADD CONSTRAINT django_admin_log_user_id_c564eba6_fk_usuarios_usuario_id FOREIGN KEY (user_id) REFERENCES public.usuarios_usuario(id) DEFERRABLE INITIALLY DEFERRED;


--
-- TOC entry 3172 (class 2606 OID 31859)
-- Name: flujo_fase flujo_fase_flujo_id_d39dd2e5_fk_flujo_flujo_id; Type: FK CONSTRAINT; Schema: public; Owner: postgres
--

ALTER TABLE ONLY public.flujo_fase
    ADD CONSTRAINT flujo_fase_flujo_id_d39dd2e5_fk_flujo_flujo_id FOREIGN KEY (flujo_id) REFERENCES public.flujo_flujo(id) DEFERRABLE INITIALLY DEFERRED;


--
-- TOC entry 3173 (class 2606 OID 31853)
-- Name: flujo_flujo flujo_flujo_proyecto_id_48fd0611_fk_proyecto_proyecto_id; Type: FK CONSTRAINT; Schema: public; Owner: postgres
--

ALTER TABLE ONLY public.flujo_flujo
    ADD CONSTRAINT flujo_flujo_proyecto_id_48fd0611_fk_proyecto_proyecto_id FOREIGN KEY (proyecto_id) REFERENCES public.proyecto_proyecto(id) DEFERRABLE INITIALLY DEFERRED;


--
-- TOC entry 3169 (class 2606 OID 31821)
-- Name: proyecto_teammember proyecto_teammember_proyecto_id_e429383f_fk_proyecto_; Type: FK CONSTRAINT; Schema: public; Owner: postgres
--

ALTER TABLE ONLY public.proyecto_teammember
    ADD CONSTRAINT proyecto_teammember_proyecto_id_e429383f_fk_proyecto_ FOREIGN KEY (proyecto_id) REFERENCES public.proyecto_proyecto(id) DEFERRABLE INITIALLY DEFERRED;


--
-- TOC entry 3170 (class 2606 OID 31826)
-- Name: proyecto_teammember proyecto_teammember_rol_id_bf8bd91a_fk_rol_rol_id; Type: FK CONSTRAINT; Schema: public; Owner: postgres
--

ALTER TABLE ONLY public.proyecto_teammember
    ADD CONSTRAINT proyecto_teammember_rol_id_bf8bd91a_fk_rol_rol_id FOREIGN KEY (rol_id) REFERENCES public.rol_rol(id) DEFERRABLE INITIALLY DEFERRED;


--
-- TOC entry 3171 (class 2606 OID 31865)
-- Name: proyecto_teammember proyecto_teammember_usuario_id_2c9f2c76_fk_usuarios_usuario_id; Type: FK CONSTRAINT; Schema: public; Owner: postgres
--

ALTER TABLE ONLY public.proyecto_teammember
    ADD CONSTRAINT proyecto_teammember_usuario_id_2c9f2c76_fk_usuarios_usuario_id FOREIGN KEY (usuario_id) REFERENCES public.usuarios_usuario(id) DEFERRABLE INITIALLY DEFERRED;


--
-- TOC entry 3157 (class 2606 OID 31616)
-- Name: rol_rol_permisos rol_rol_permisos_permiso_id_bedf62a8_fk_rol_permiso_id; Type: FK CONSTRAINT; Schema: public; Owner: postgres
--

ALTER TABLE ONLY public.rol_rol_permisos
    ADD CONSTRAINT rol_rol_permisos_permiso_id_bedf62a8_fk_rol_permiso_id FOREIGN KEY (permiso_id) REFERENCES public.rol_permiso(id) DEFERRABLE INITIALLY DEFERRED;


--
-- TOC entry 3156 (class 2606 OID 31611)
-- Name: rol_rol_permisos rol_rol_permisos_rol_id_0b04dd57_fk_rol_rol_id; Type: FK CONSTRAINT; Schema: public; Owner: postgres
--

ALTER TABLE ONLY public.rol_rol_permisos
    ADD CONSTRAINT rol_rol_permisos_rol_id_0b04dd57_fk_rol_rol_id FOREIGN KEY (rol_id) REFERENCES public.rol_rol(id) DEFERRABLE INITIALLY DEFERRED;


--
-- TOC entry 3174 (class 2606 OID 31903)
-- Name: sprint_horas sprint_horas_sprint_id_f9311bf3_fk_sprint_sprint_id; Type: FK CONSTRAINT; Schema: public; Owner: postgres
--

ALTER TABLE ONLY public.sprint_horas
    ADD CONSTRAINT sprint_horas_sprint_id_f9311bf3_fk_sprint_sprint_id FOREIGN KEY (sprint_id) REFERENCES public.sprint_sprint(id) DEFERRABLE INITIALLY DEFERRED;


--
-- TOC entry 3175 (class 2606 OID 31909)
-- Name: sprint_horas sprint_horas_team_member_id_f40a44b4_fk_usuarios_usuario_id; Type: FK CONSTRAINT; Schema: public; Owner: postgres
--

ALTER TABLE ONLY public.sprint_horas
    ADD CONSTRAINT sprint_horas_team_member_id_f40a44b4_fk_usuarios_usuario_id FOREIGN KEY (team_member_id) REFERENCES public.usuarios_usuario(id) DEFERRABLE INITIALLY DEFERRED;


--
-- TOC entry 3176 (class 2606 OID 31896)
-- Name: sprint_sprint sprint_sprint_proyecto_id_119395d9_fk_proyecto_proyecto_id; Type: FK CONSTRAINT; Schema: public; Owner: postgres
--

ALTER TABLE ONLY public.sprint_sprint
    ADD CONSTRAINT sprint_sprint_proyecto_id_119395d9_fk_proyecto_proyecto_id FOREIGN KEY (proyecto_id) REFERENCES public.proyecto_proyecto(id) DEFERRABLE INITIALLY DEFERRED;


--
-- TOC entry 3179 (class 2606 OID 31944)
-- Name: tipoUserStory_tipouserstory_flujos tipoUserStory_tipous_flujo_id_0b349703_fk_flujo_flu; Type: FK CONSTRAINT; Schema: public; Owner: postgres
--

ALTER TABLE ONLY public."tipoUserStory_tipouserstory_flujos"
    ADD CONSTRAINT "tipoUserStory_tipous_flujo_id_0b349703_fk_flujo_flu" FOREIGN KEY (flujo_id) REFERENCES public.flujo_flujo(id) DEFERRABLE INITIALLY DEFERRED;


--
-- TOC entry 3177 (class 2606 OID 31933)
-- Name: tipoUserStory_tipouserstory tipoUserStory_tipous_proyecto_id_b06b1ab8_fk_proyecto_; Type: FK CONSTRAINT; Schema: public; Owner: postgres
--

ALTER TABLE ONLY public."tipoUserStory_tipouserstory"
    ADD CONSTRAINT "tipoUserStory_tipous_proyecto_id_b06b1ab8_fk_proyecto_" FOREIGN KEY (proyecto_id) REFERENCES public.proyecto_proyecto(id) DEFERRABLE INITIALLY DEFERRED;


--
-- TOC entry 3178 (class 2606 OID 31939)
-- Name: tipoUserStory_tipouserstory_flujos tipoUserStory_tipous_tipouserstory_id_a4c17589_fk_tipoUserS; Type: FK CONSTRAINT; Schema: public; Owner: postgres
--

ALTER TABLE ONLY public."tipoUserStory_tipouserstory_flujos"
    ADD CONSTRAINT "tipoUserStory_tipous_tipouserstory_id_a4c17589_fk_tipoUserS" FOREIGN KEY (tipouserstory_id) REFERENCES public."tipoUserStory_tipouserstory"(id) DEFERRABLE INITIALLY DEFERRED;


--
-- TOC entry 3180 (class 2606 OID 32081)
-- Name: userstory_actividad userstory_actividad_us_id_e163dd84_fk_userstory_userstory_id; Type: FK CONSTRAINT; Schema: public; Owner: postgres
--

ALTER TABLE ONLY public.userstory_actividad
    ADD CONSTRAINT userstory_actividad_us_id_e163dd84_fk_userstory_userstory_id FOREIGN KEY (us_id) REFERENCES public.userstory_userstory(id) DEFERRABLE INITIALLY DEFERRED;


--
-- TOC entry 3181 (class 2606 OID 32087)
-- Name: userstory_actividad userstory_actividad_usuario_id_71c0a10b_fk_usuarios_usuario_id; Type: FK CONSTRAINT; Schema: public; Owner: postgres
--

ALTER TABLE ONLY public.userstory_actividad
    ADD CONSTRAINT userstory_actividad_usuario_id_71c0a10b_fk_usuarios_usuario_id FOREIGN KEY (usuario_id) REFERENCES public.usuarios_usuario(id) DEFERRABLE INITIALLY DEFERRED;


--
-- TOC entry 3182 (class 2606 OID 32069)
-- Name: userstory_archivo userstory_archivo_us_id_48105005_fk_userstory_userstory_id; Type: FK CONSTRAINT; Schema: public; Owner: postgres
--

ALTER TABLE ONLY public.userstory_archivo
    ADD CONSTRAINT userstory_archivo_us_id_48105005_fk_userstory_userstory_id FOREIGN KEY (us_id) REFERENCES public.userstory_userstory(id) DEFERRABLE INITIALLY DEFERRED;


--
-- TOC entry 3183 (class 2606 OID 32075)
-- Name: userstory_archivo userstory_archivo_usuario_id_4e32718c_fk_usuarios_usuario_id; Type: FK CONSTRAINT; Schema: public; Owner: postgres
--

ALTER TABLE ONLY public.userstory_archivo
    ADD CONSTRAINT userstory_archivo_usuario_id_4e32718c_fk_usuarios_usuario_id FOREIGN KEY (usuario_id) REFERENCES public.usuarios_usuario(id) DEFERRABLE INITIALLY DEFERRED;


--
-- TOC entry 3184 (class 2606 OID 32057)
-- Name: userstory_nota userstory_nota_us_id_40ee4694_fk_userstory_userstory_id; Type: FK CONSTRAINT; Schema: public; Owner: postgres
--

ALTER TABLE ONLY public.userstory_nota
    ADD CONSTRAINT userstory_nota_us_id_40ee4694_fk_userstory_userstory_id FOREIGN KEY (us_id) REFERENCES public.userstory_userstory(id) DEFERRABLE INITIALLY DEFERRED;


--
-- TOC entry 3185 (class 2606 OID 32063)
-- Name: userstory_nota userstory_nota_usuario_id_759ca2be_fk_usuarios_usuario_id; Type: FK CONSTRAINT; Schema: public; Owner: postgres
--

ALTER TABLE ONLY public.userstory_nota
    ADD CONSTRAINT userstory_nota_usuario_id_759ca2be_fk_usuarios_usuario_id FOREIGN KEY (usuario_id) REFERENCES public.usuarios_usuario(id) DEFERRABLE INITIALLY DEFERRED;


--
-- TOC entry 3193 (class 2606 OID 32035)
-- Name: userstory_userstory_sprints_asignados userstory_userstory__sprint_id_8c46152b_fk_sprint_sp; Type: FK CONSTRAINT; Schema: public; Owner: postgres
--

ALTER TABLE ONLY public.userstory_userstory_sprints_asignados
    ADD CONSTRAINT userstory_userstory__sprint_id_8c46152b_fk_sprint_sp FOREIGN KEY (sprint_id) REFERENCES public.sprint_sprint(id) DEFERRABLE INITIALLY DEFERRED;


--
-- TOC entry 3192 (class 2606 OID 32030)
-- Name: userstory_userstory_sprints_asignados userstory_userstory__userstory_id_1ae0dcd5_fk_userstory; Type: FK CONSTRAINT; Schema: public; Owner: postgres
--

ALTER TABLE ONLY public.userstory_userstory_sprints_asignados
    ADD CONSTRAINT userstory_userstory__userstory_id_1ae0dcd5_fk_userstory FOREIGN KEY (userstory_id) REFERENCES public.userstory_userstory(id) DEFERRABLE INITIALLY DEFERRED;


--
-- TOC entry 3186 (class 2606 OID 32006)
-- Name: userstory_userstory userstory_userstory_fase_id_e5347d9b_fk_flujo_fase_id; Type: FK CONSTRAINT; Schema: public; Owner: postgres
--

ALTER TABLE ONLY public.userstory_userstory
    ADD CONSTRAINT userstory_userstory_fase_id_e5347d9b_fk_flujo_fase_id FOREIGN KEY (fase_id) REFERENCES public.flujo_fase(id) DEFERRABLE INITIALLY DEFERRED;


--
-- TOC entry 3187 (class 2606 OID 32011)
-- Name: userstory_userstory userstory_userstory_flujo_id_8a9cd71d_fk_flujo_flujo_id; Type: FK CONSTRAINT; Schema: public; Owner: postgres
--

ALTER TABLE ONLY public.userstory_userstory
    ADD CONSTRAINT userstory_userstory_flujo_id_8a9cd71d_fk_flujo_flujo_id FOREIGN KEY (flujo_id) REFERENCES public.flujo_flujo(id) DEFERRABLE INITIALLY DEFERRED;


--
-- TOC entry 3188 (class 2606 OID 32016)
-- Name: userstory_userstory userstory_userstory_proyecto_id_81fe69a3_fk_proyecto_; Type: FK CONSTRAINT; Schema: public; Owner: postgres
--

ALTER TABLE ONLY public.userstory_userstory
    ADD CONSTRAINT userstory_userstory_proyecto_id_81fe69a3_fk_proyecto_ FOREIGN KEY (proyecto_id) REFERENCES public.proyecto_proyecto(id) DEFERRABLE INITIALLY DEFERRED;


--
-- TOC entry 3189 (class 2606 OID 32021)
-- Name: userstory_userstory userstory_userstory_sprint_id_2b178521_fk_sprint_sprint_id; Type: FK CONSTRAINT; Schema: public; Owner: postgres
--

ALTER TABLE ONLY public.userstory_userstory
    ADD CONSTRAINT userstory_userstory_sprint_id_2b178521_fk_sprint_sprint_id FOREIGN KEY (sprint_id) REFERENCES public.sprint_sprint(id) DEFERRABLE INITIALLY DEFERRED;


--
-- TOC entry 3190 (class 2606 OID 32045)
-- Name: userstory_userstory userstory_userstory_team_member_id_43a7fd91_fk_usuarios_; Type: FK CONSTRAINT; Schema: public; Owner: postgres
--

ALTER TABLE ONLY public.userstory_userstory
    ADD CONSTRAINT userstory_userstory_team_member_id_43a7fd91_fk_usuarios_ FOREIGN KEY (team_member_id) REFERENCES public.usuarios_usuario(id) DEFERRABLE INITIALLY DEFERRED;


--
-- TOC entry 3191 (class 2606 OID 32051)
-- Name: userstory_userstory userstory_userstory_tipo_us_id_e254c662_fk_tipoUserS; Type: FK CONSTRAINT; Schema: public; Owner: postgres
--

ALTER TABLE ONLY public.userstory_userstory
    ADD CONSTRAINT "userstory_userstory_tipo_us_id_e254c662_fk_tipoUserS" FOREIGN KEY (tipo_us_id) REFERENCES public."tipoUserStory_tipouserstory"(id) DEFERRABLE INITIALLY DEFERRED;


--
-- TOC entry 3161 (class 2606 OID 31722)
-- Name: usuarios_usuario_groups usuarios_usuario_gro_usuario_id_7a34077f_fk_usuarios_; Type: FK CONSTRAINT; Schema: public; Owner: postgres
--

ALTER TABLE ONLY public.usuarios_usuario_groups
    ADD CONSTRAINT usuarios_usuario_gro_usuario_id_7a34077f_fk_usuarios_ FOREIGN KEY (usuario_id) REFERENCES public.usuarios_usuario(id) DEFERRABLE INITIALLY DEFERRED;


--
-- TOC entry 3162 (class 2606 OID 31727)
-- Name: usuarios_usuario_groups usuarios_usuario_groups_group_id_e77f6dcf_fk_auth_group_id; Type: FK CONSTRAINT; Schema: public; Owner: postgres
--

ALTER TABLE ONLY public.usuarios_usuario_groups
    ADD CONSTRAINT usuarios_usuario_groups_group_id_e77f6dcf_fk_auth_group_id FOREIGN KEY (group_id) REFERENCES public.auth_group(id) DEFERRABLE INITIALLY DEFERRED;


--
-- TOC entry 3163 (class 2606 OID 31736)
-- Name: usuarios_usuario_permisos usuarios_usuario_per_usuario_id_e23dafe6_fk_usuarios_; Type: FK CONSTRAINT; Schema: public; Owner: postgres
--

ALTER TABLE ONLY public.usuarios_usuario_permisos
    ADD CONSTRAINT usuarios_usuario_per_usuario_id_e23dafe6_fk_usuarios_ FOREIGN KEY (usuario_id) REFERENCES public.usuarios_usuario(id) DEFERRABLE INITIALLY DEFERRED;


--
-- TOC entry 3164 (class 2606 OID 31741)
-- Name: usuarios_usuario_permisos usuarios_usuario_permisos_permiso_id_59046850_fk_rol_permiso_id; Type: FK CONSTRAINT; Schema: public; Owner: postgres
--

ALTER TABLE ONLY public.usuarios_usuario_permisos
    ADD CONSTRAINT usuarios_usuario_permisos_permiso_id_59046850_fk_rol_permiso_id FOREIGN KEY (permiso_id) REFERENCES public.rol_permiso(id) DEFERRABLE INITIALLY DEFERRED;


--
-- TOC entry 3166 (class 2606 OID 31755)
-- Name: usuarios_usuario_user_permissions usuarios_usuario_use_permission_id_4e5c0f2f_fk_auth_perm; Type: FK CONSTRAINT; Schema: public; Owner: postgres
--

ALTER TABLE ONLY public.usuarios_usuario_user_permissions
    ADD CONSTRAINT usuarios_usuario_use_permission_id_4e5c0f2f_fk_auth_perm FOREIGN KEY (permission_id) REFERENCES public.auth_permission(id) DEFERRABLE INITIALLY DEFERRED;


--
-- TOC entry 3165 (class 2606 OID 31750)
-- Name: usuarios_usuario_user_permissions usuarios_usuario_use_usuario_id_60aeea80_fk_usuarios_; Type: FK CONSTRAINT; Schema: public; Owner: postgres
--

ALTER TABLE ONLY public.usuarios_usuario_user_permissions
    ADD CONSTRAINT usuarios_usuario_use_usuario_id_60aeea80_fk_usuarios_ FOREIGN KEY (usuario_id) REFERENCES public.usuarios_usuario(id) DEFERRABLE INITIALLY DEFERRED;


-- Completed on 2019-05-23 10:29:11 -04

--
-- PostgreSQL database dump complete
--

